"key","child_index","last_week","consented","chlorine_any","diarrhea_any7"
"uuid:9279b740-a3c4-43a4-8544-759067ea4aa6",1,0,1,0,0
"uuid:9279b740-a3c4-43a4-8544-759067ea4aa6",2,0,1,0,1
"uuid:9279b740-a3c4-43a4-8544-759067ea4aa6",3,0,1,0,0
"uuid:e21edd84-15e1-4d7a-8825-1baa63cc70dd",1,0,1,1,0
"uuid:e08a7eeb-fc10-445c-bdc3-c42587622831",1,1,1,1,0
"uuid:c3cabe39-492d-4397-a0e5-8b5813272c28",1,1,1,1,0
"uuid:c3cabe39-492d-4397-a0e5-8b5813272c28",2,1,1,1,0
"uuid:c3cabe39-492d-4397-a0e5-8b5813272c28",3,1,1,1,1
"uuid:40eebe81-bb6e-4214-98bd-fe177030abd0",1,0,1,0,0
"uuid:40eebe81-bb6e-4214-98bd-fe177030abd0",2,0,1,0,0
"uuid:faa1e9ed-e978-482e-878d-74d52112d9ca",1,1,1,1,0
"uuid:faa1e9ed-e978-482e-878d-74d52112d9ca",2,1,1,1,0
"uuid:faa1e9ed-e978-482e-878d-74d52112d9ca",3,1,1,1,0
"uuid:c3c56935-8de6-4f06-8409-eedeed85a232",1,0,1,0,0
"uuid:c3c56935-8de6-4f06-8409-eedeed85a232",2,0,1,0,0
"uuid:9dc6f51b-869c-4425-af89-17dbeb3f9e7d",1,0,1,1,0
"uuid:d7d01fe7-e65b-43a0-922d-48becc9b4383",1,1,1,1,0
"uuid:d7d01fe7-e65b-43a0-922d-48becc9b4383",2,1,1,1,0
"uuid:d7d01fe7-e65b-43a0-922d-48becc9b4383",3,1,1,1,0
"uuid:c3b0df2f-9292-4a8d-8e2f-a3b9de908271",1,0,1,1,0
"uuid:ce3f5a74-aca0-432c-bef9-41ab1c225bdb",1,0,1,1,0
"uuid:ce3f5a74-aca0-432c-bef9-41ab1c225bdb",2,0,1,1,1
"uuid:5ad96c61-9818-47a5-a918-c73437aa36c5",1,1,1,0,1
"uuid:5ad96c61-9818-47a5-a918-c73437aa36c5",2,1,1,0,1
"uuid:79f69e8d-ff97-493b-82d2-c53a0f50816b",1,1,1,1,1
"uuid:79f69e8d-ff97-493b-82d2-c53a0f50816b",2,1,1,1,0
"uuid:d7dac0ce-a8cf-4e5f-8288-e3d664968c8d",1,1,1,1,0
"uuid:e9e8a2d3-e2b4-4963-918e-80b92f3ac193",1,0,1,1,0
"uuid:59263681-74ac-48fe-90a0-1c99a9043e22",1,0,1,1,1
"uuid:c45cfa93-754b-4f7c-b0cc-725c321888bf",1,1,1,1,1
"uuid:c45cfa93-754b-4f7c-b0cc-725c321888bf",2,1,1,1,0
"uuid:c45cfa93-754b-4f7c-b0cc-725c321888bf",3,1,1,1,0
"uuid:68f17a7b-02fb-4fc4-9cd8-8b7b717ec33b",1,0,1,1,0
"uuid:68f17a7b-02fb-4fc4-9cd8-8b7b717ec33b",2,0,1,1,0
"uuid:002a5468-cb69-4282-942d-0b78ba4c25e3",1,0,1,1,0
"uuid:002a5468-cb69-4282-942d-0b78ba4c25e3",2,0,1,1,0
"uuid:1a938b6f-3af6-493a-b8b7-4fb04f3e47b0",1,0,1,1,0
"uuid:1a938b6f-3af6-493a-b8b7-4fb04f3e47b0",2,0,1,1,0
"uuid:1a938b6f-3af6-493a-b8b7-4fb04f3e47b0",3,0,1,1,1
"uuid:ca644daa-81b0-4da7-9e8b-d34ec1fcb621",1,0,1,0,1
"uuid:b3092d71-7aa4-47e4-ac8a-f0c583ded8e1",1,0,1,1,0
"uuid:fdd827b6-1852-4ca5-a9d0-cc1674e0d1f2",1,0,1,1,0
"uuid:3fad57cf-1817-43f4-85e2-2ef13bb20464",1,0,1,1,0
"uuid:f9856f7f-6de7-4cb1-bfd4-0e8a65f9f587",1,0,1,0,0
"uuid:f9856f7f-6de7-4cb1-bfd4-0e8a65f9f587",2,0,1,0,0
"uuid:7bf4ec69-c04a-4053-b20a-9baa19a6984e",1,0,1,1,0
"uuid:7bf4ec69-c04a-4053-b20a-9baa19a6984e",2,0,1,1,0
"uuid:9d07f375-0202-4113-8a5c-0bce03062f92",1,1,1,1,0
"uuid:9d07f375-0202-4113-8a5c-0bce03062f92",2,1,1,1,0
"uuid:9e544dba-1f95-41c5-9e75-970031035dbe",1,0,1,1,0
"uuid:9e544dba-1f95-41c5-9e75-970031035dbe",2,0,1,1,0
"uuid:9e544dba-1f95-41c5-9e75-970031035dbe",3,0,1,1,0
"uuid:81c23720-638b-4b22-9319-093f49d8f5c3",1,0,1,0,1
"uuid:65ac7328-1fe0-40af-a9cf-a4c6eb5438b1",1,0,1,0,0
"uuid:656b68c3-fb3c-4a1f-816d-8b4b6ca4fe22",1,0,1,1,1
"uuid:2cf207ac-8c75-4402-b58f-a81005723b2f",1,1,1,1,1
"uuid:2cf207ac-8c75-4402-b58f-a81005723b2f",2,1,1,1,0
"uuid:2cf207ac-8c75-4402-b58f-a81005723b2f",3,1,1,1,0
"uuid:850a7dc4-a972-45b4-8dbf-0a928d732340",1,0,1,1,0
"uuid:850a7dc4-a972-45b4-8dbf-0a928d732340",2,0,1,1,0
"uuid:37209835-4c4c-4d7f-8e37-a22c4dc127af",1,1,1,0,1
"uuid:37209835-4c4c-4d7f-8e37-a22c4dc127af",2,1,1,0,0
"uuid:d9e3c0f7-c136-45f0-933a-905f3e6170f3",1,0,1,1,1
"uuid:bbfd3090-d663-43b3-9040-5bf3362ecbb8",1,0,1,1,0
"uuid:c8f9a138-3810-4b4c-83c6-b41805eff918",1,0,1,1,0
"uuid:c8f9a138-3810-4b4c-83c6-b41805eff918",2,0,1,1,0
"uuid:c8f9a138-3810-4b4c-83c6-b41805eff918",3,0,1,1,0
"uuid:744188f0-db47-41b5-ac26-ce056940ec5d",1,0,1,1,0
"uuid:9aa27f7c-0a2e-4d14-b008-53819f565585",1,0,1,1,0
"uuid:2b5632e2-7487-4e23-b7e1-3bf0a20bfd00",1,0,1,0,0
"uuid:2b5632e2-7487-4e23-b7e1-3bf0a20bfd00",2,0,1,0,0
"uuid:fa12b780-e9c6-4042-bfd7-747c0b8e10ce",1,0,1,1,1
"uuid:0475216e-ad25-4350-b1f1-5d1edcea6743",1,1,1,1,0
"uuid:0383b22f-e76d-4dd1-82b3-470179a03bf4",1,0,1,1,0
"uuid:51377fd9-6f32-4686-9efa-cf83b184cde4",1,0,1,1,0
"uuid:51377fd9-6f32-4686-9efa-cf83b184cde4",2,0,1,1,0
"uuid:14d2f6c7-e425-450a-b574-f3b07b55d889",1,0,1,0,0
"uuid:2e6baa1a-9446-47bd-bc7c-fce11387fbdb",1,0,1,0,0
"uuid:69956bef-2604-404d-adee-d08dc7134e4d",1,0,1,1,1
"uuid:d1cfa712-fde4-4747-a9f1-c498d15d7f79",1,0,1,1,0
"uuid:12033abe-b24c-4365-b3e6-8e75aa915cb5",1,0,1,1,0
"uuid:12033abe-b24c-4365-b3e6-8e75aa915cb5",2,0,1,1,0
"uuid:09473b4b-7406-476e-b316-361814b54f7b",1,0,1,1,0
"uuid:f4ff7bda-d591-48fb-aa4c-b04bf1e7759e",1,0,1,1,0
"uuid:c5e880b6-38a8-46e0-82a9-e4af7a8e62fc",1,0,1,1,0
"uuid:4e7da22c-8507-4f82-bf2a-fffbcd6d8b2c",1,0,1,1,0
"uuid:0f21f54b-db18-46fc-ae58-e2f37cc04ef6",1,0,1,0,1
"uuid:0f21f54b-db18-46fc-ae58-e2f37cc04ef6",2,0,1,0,0
"uuid:0f21f54b-db18-46fc-ae58-e2f37cc04ef6",3,0,1,0,0
"uuid:3a3e0567-f38f-4806-9dcc-f11db201ed33",1,0,1,0,0
"uuid:3a3e0567-f38f-4806-9dcc-f11db201ed33",2,0,1,0,0
"uuid:1109cce7-bcc4-45b4-8b8e-1d173d703682",1,0,1,0,0
"uuid:1109cce7-bcc4-45b4-8b8e-1d173d703682",2,0,1,0,0
"uuid:b0e8b258-9f97-428b-b775-6c6a23c53bcc",1,1,1,1,0
"uuid:c4ea39d4-4274-400c-88f1-11ac20ff76e3",1,1,1,1,0
"uuid:818a37fa-5945-4b07-a9b1-b3cbb40013cc",1,1,1,1,0
"uuid:818a37fa-5945-4b07-a9b1-b3cbb40013cc",2,1,1,1,0
"uuid:603280e3-eb3a-487a-b732-5881c1642507",1,0,1,0,0
"uuid:5374d99d-f95f-4653-8b64-be1b56c4375f",1,1,1,1,0
"uuid:5374d99d-f95f-4653-8b64-be1b56c4375f",2,1,1,1,0
"uuid:5374d99d-f95f-4653-8b64-be1b56c4375f",3,1,1,1,0
"uuid:525bbc98-ed5e-4f11-a72c-ee8e50ec6acb",1,0,1,0,0
"uuid:91c706ca-8c50-417b-b25b-5462d1207f52",1,0,1,1,0
"uuid:91c706ca-8c50-417b-b25b-5462d1207f52",2,0,1,1,1
"uuid:26354d30-3bbc-454d-ad4d-6d624bfd6c04",1,1,1,1,0
"uuid:7c2d2c2e-8f19-4ba3-8510-bd1864297a4d",1,0,1,0,0
"uuid:7c2d2c2e-8f19-4ba3-8510-bd1864297a4d",2,0,1,0,0
"uuid:f937bf86-c492-4b03-b896-4908ee77f9ce",1,0,1,1,0
"uuid:f937bf86-c492-4b03-b896-4908ee77f9ce",2,0,1,1,0
"uuid:35d1d524-af64-42e5-bd1b-aa2506b561dc",1,1,1,1,0
"uuid:35d1d524-af64-42e5-bd1b-aa2506b561dc",2,1,1,1,0
"uuid:35d1d524-af64-42e5-bd1b-aa2506b561dc",3,1,1,1,1
"uuid:ba33f789-24e5-4a02-bb51-7a589c85521c",1,0,1,0,0
"uuid:ba33f789-24e5-4a02-bb51-7a589c85521c",2,0,1,0,0
"uuid:ba33f789-24e5-4a02-bb51-7a589c85521c",3,0,1,0,0
"uuid:18e0c2c4-8b11-4093-811f-253a5b3b6ec2",1,0,1,1,0
"uuid:18e0c2c4-8b11-4093-811f-253a5b3b6ec2",2,0,1,1,0
"uuid:18e0c2c4-8b11-4093-811f-253a5b3b6ec2",3,0,1,1,0
"uuid:29ea0ceb-a6d6-4fcf-94c1-5f1b13004d1a",1,1,1,1,0
"uuid:cd9edee6-4f8a-4863-9ff8-58d6690360d5",1,1,1,1,0
"uuid:18a9605c-da9b-492c-869c-15036b9e6722",1,0,1,1,0
"uuid:18a9605c-da9b-492c-869c-15036b9e6722",2,0,1,1,0
"uuid:18a9605c-da9b-492c-869c-15036b9e6722",3,0,1,1,1
"uuid:fed3e62f-ce97-46a9-a49b-af3551354621",1,0,1,0,0
"uuid:1562b4f8-b968-4f49-8d89-ce096cbf022f",1,0,1,0,0
"uuid:1562b4f8-b968-4f49-8d89-ce096cbf022f",2,0,1,0,0
"uuid:f31f51ab-6100-44c6-ba50-8fae70137da5",1,0,1,0,1
"uuid:b54eabbc-278a-4d5b-bb5f-6f897409d179",1,0,1,1,0
"uuid:b54eabbc-278a-4d5b-bb5f-6f897409d179",2,0,1,1,0
"uuid:b54eabbc-278a-4d5b-bb5f-6f897409d179",3,0,1,1,1
"uuid:256942ed-42cf-41c7-9d0c-853c6c04ee96",1,1,1,1,0
"uuid:256942ed-42cf-41c7-9d0c-853c6c04ee96",2,1,1,1,1
"uuid:d91fde44-f7f6-4491-91d4-86e05f919243",1,1,1,1,1
"uuid:d91fde44-f7f6-4491-91d4-86e05f919243",2,1,1,1,0
"uuid:d6969f44-a2b8-4665-98e5-d0dbcbfa416a",1,1,1,1,0
"uuid:d6969f44-a2b8-4665-98e5-d0dbcbfa416a",2,1,1,1,1
"uuid:5d994897-7927-4756-8768-42dffaf62367",1,0,1,1,0
"uuid:8f20cdd8-f9ab-4715-a89b-b36809cd93db",1,0,1,1,0
"uuid:8f20cdd8-f9ab-4715-a89b-b36809cd93db",2,0,1,1,0
"uuid:13c5f3a7-fd8a-4305-bc16-13a5a63da927",1,1,1,1,0
"uuid:13c5f3a7-fd8a-4305-bc16-13a5a63da927",2,1,1,1,0
"uuid:e4efc504-c296-423e-978d-6733b21994de",1,0,1,0,0
"uuid:ff044004-a05b-4031-a400-2fbc338337ef",1,0,1,1,1
"uuid:ff044004-a05b-4031-a400-2fbc338337ef",2,0,1,1,0
"uuid:69dc4d9a-5c6b-4a83-976c-d99ef9fb6f44",1,1,1,0,0
"uuid:69dc4d9a-5c6b-4a83-976c-d99ef9fb6f44",2,1,1,0,0
"uuid:6bb54262-ec61-4163-8e1a-08e411e16f91",1,0,1,1,0
"uuid:6bb54262-ec61-4163-8e1a-08e411e16f91",2,0,1,1,1
"uuid:6bb54262-ec61-4163-8e1a-08e411e16f91",3,0,1,1,0
"uuid:ff9a3253-282a-481a-ae71-ff983f4f0e54",1,1,1,1,0
"uuid:0f01ab04-6f9c-476e-a5b8-41d625c38fb9",1,0,1,1,0
"uuid:0f01ab04-6f9c-476e-a5b8-41d625c38fb9",2,0,1,1,0
"uuid:0f01ab04-6f9c-476e-a5b8-41d625c38fb9",3,0,1,1,0
"uuid:87c30230-66cb-4295-81ee-111812146fbb",1,1,1,0,1
"uuid:99f9ce3f-0ac6-4ab2-8ab4-8929ef58caea",1,0,1,1,1
"uuid:44f138aa-96a2-46f7-9ab7-45bef9967c62",1,1,1,1,0
"uuid:7da4c3cb-40e0-499f-a021-b1292122c57f",1,1,1,0,1
"uuid:7da4c3cb-40e0-499f-a021-b1292122c57f",2,1,1,0,0
"uuid:3e68a564-9c60-4af5-8c14-9494b2b658af",1,0,1,0,0
"uuid:3e68a564-9c60-4af5-8c14-9494b2b658af",2,0,1,0,0
"uuid:4853ea9e-3148-4088-9a23-71b178e0fce0",1,1,1,0,0
"uuid:e00d204e-3452-448f-a677-7ce4e0bd1466",1,1,1,0,0
"uuid:e00d204e-3452-448f-a677-7ce4e0bd1466",2,1,1,0,1
"uuid:e00d204e-3452-448f-a677-7ce4e0bd1466",3,1,1,0,0
"uuid:4bfbedb2-1ad9-4f67-9db3-71209c62256d",1,0,1,1,1
"uuid:4bfbedb2-1ad9-4f67-9db3-71209c62256d",2,0,1,1,0
"uuid:466fbd14-d0ea-4d41-b777-1447cb6f7e9e",1,0,1,0,0
"uuid:60c4adb8-39dc-400b-8b16-12c52563a21c",1,1,1,0,0
"uuid:fef3db2f-993f-4650-a953-af785ec3918c",1,1,1,0,0
"uuid:668fb9b8-d753-4f23-9cc3-51f738394811",1,0,1,0,0
"uuid:668fb9b8-d753-4f23-9cc3-51f738394811",2,0,1,0,0
"uuid:668fb9b8-d753-4f23-9cc3-51f738394811",3,0,1,0,0
"uuid:dda23678-9f56-471b-8bf1-6d30e4037628",1,0,1,1,0
"uuid:dda23678-9f56-471b-8bf1-6d30e4037628",2,0,1,1,1
"uuid:8b319ad6-2c8c-4a05-8cbc-e6c6ea5a3ad6",1,1,1,1,1
"uuid:8b319ad6-2c8c-4a05-8cbc-e6c6ea5a3ad6",2,1,1,1,1
"uuid:776ab521-67bf-4072-8b35-e1f0653ca276",1,0,1,1,0
"uuid:dce1da33-9eb9-4f85-87ac-8c344808bd8b",1,0,1,0,1
"uuid:dce1da33-9eb9-4f85-87ac-8c344808bd8b",2,0,1,0,0
"uuid:f7be14dc-a721-490e-a592-7b6d23a51b5e",1,0,1,1,0
"uuid:6983bb58-b0f6-4e2f-be18-0bf7c561854e",1,1,1,1,1
"uuid:6983bb58-b0f6-4e2f-be18-0bf7c561854e",2,1,1,1,0
"uuid:3d1d3099-9f8f-4b51-b2a9-9e6e18eb4181",1,1,1,1,0
"uuid:d3d43315-12d5-4f89-8379-ce176fcfea70",1,0,1,1,0
"uuid:d3d43315-12d5-4f89-8379-ce176fcfea70",2,0,1,1,0
"uuid:30eb40ac-0ac2-4d67-8054-14f41846d593",1,1,1,1,0
"uuid:30eb40ac-0ac2-4d67-8054-14f41846d593",2,1,1,1,0
"uuid:98d9ab24-7388-4dbb-9a17-845f1ae747a5",1,1,1,1,0
"uuid:83454ee3-ca8d-41b3-a864-0bef04ccfe64",1,0,1,0,0
"uuid:83454ee3-ca8d-41b3-a864-0bef04ccfe64",2,0,1,0,1
"uuid:83454ee3-ca8d-41b3-a864-0bef04ccfe64",3,0,1,0,0
"uuid:3ab74dc9-cd27-4078-aa42-b65f227c56a6",1,0,1,0,1
"uuid:850d0635-283d-408c-bf70-1d49c8009bee",1,1,1,1,0
"uuid:850d0635-283d-408c-bf70-1d49c8009bee",2,1,1,1,0
"uuid:d1d5cea9-c470-4a58-bd25-e0fc23753bbc",1,0,1,0,1
"uuid:e68646ac-d01f-4497-82f4-70f00d63fa66",1,0,1,1,0
"uuid:e68646ac-d01f-4497-82f4-70f00d63fa66",2,0,1,1,0
"uuid:784b51d7-8f4d-410a-8bca-2a2f20076712",1,1,1,0,0
"uuid:784b51d7-8f4d-410a-8bca-2a2f20076712",2,1,1,0,0
"uuid:4bee656a-e26f-4d94-980e-595a35d79ce9",1,0,1,0,0
"uuid:4bee656a-e26f-4d94-980e-595a35d79ce9",2,0,1,0,0
"uuid:4bee656a-e26f-4d94-980e-595a35d79ce9",3,0,1,0,0
"uuid:129a51eb-944d-4a09-9cde-0e59effb1ebe",1,0,1,1,0
"uuid:0ca818b4-0067-4711-afe1-a50f6c014798",1,0,1,1,0
"uuid:0ca818b4-0067-4711-afe1-a50f6c014798",2,0,1,1,0
"uuid:ea2277be-b70f-4a31-8c62-b838abdea3e7",1,0,1,0,1
"uuid:b5c69306-1122-486f-9d4e-ee41b4106281",1,0,1,0,
"uuid:4e372ac9-edae-494b-b641-37559f2621eb",1,1,1,0,1
"uuid:4e372ac9-edae-494b-b641-37559f2621eb",2,1,1,0,1
"uuid:4e372ac9-edae-494b-b641-37559f2621eb",3,1,1,0,0
"uuid:d8a8ba7b-ca75-4c81-906e-b86b343c204e",1,0,1,1,1
"uuid:d8a8ba7b-ca75-4c81-906e-b86b343c204e",2,0,1,1,1
"uuid:d8a8ba7b-ca75-4c81-906e-b86b343c204e",3,0,1,1,1
"uuid:ee957a13-fb61-4f9f-b3d8-3dbcb424d5e9",1,1,1,1,0
"uuid:ee957a13-fb61-4f9f-b3d8-3dbcb424d5e9",2,1,1,1,0
"uuid:ee957a13-fb61-4f9f-b3d8-3dbcb424d5e9",3,1,1,1,0
"uuid:52e03a8c-3cfa-483f-8365-188280d2dc43",1,0,1,1,1
"uuid:52e03a8c-3cfa-483f-8365-188280d2dc43",2,0,1,1,1
"uuid:5de5a113-a397-4c03-ac38-952ffec57161",1,1,1,1,0
"uuid:cc7c3f2f-9340-46fe-bb49-dbf9cd788baa",1,0,1,1,0
"uuid:63b9fd4e-6585-4e1a-9e07-b408d3174891",1,1,1,0,0
"uuid:63c90e3e-e251-43d4-8b3e-5980d71e2a1a",1,0,1,1,1
"uuid:63c90e3e-e251-43d4-8b3e-5980d71e2a1a",2,0,1,1,0
"uuid:63c90e3e-e251-43d4-8b3e-5980d71e2a1a",3,0,1,1,0
"uuid:437bbb0b-e397-425f-a808-d942b718634f",1,1,1,0,0
"uuid:437bbb0b-e397-425f-a808-d942b718634f",2,1,1,0,0
"uuid:ed698da2-f2d2-437b-a43a-7ab9d417b0ff",1,1,1,1,1
"uuid:0ae941ae-c975-4e54-a8ad-b825f7a956ae",1,0,1,0,0
"uuid:5cff71d5-f0a7-4cf5-b5f8-a66fdc74df02",1,0,1,0,0
"uuid:5cff71d5-f0a7-4cf5-b5f8-a66fdc74df02",2,0,1,0,1
"uuid:c4ddeaa4-c658-4212-89d8-64553b22cc7a",1,0,1,1,0
"uuid:c4ddeaa4-c658-4212-89d8-64553b22cc7a",2,0,1,1,0
"uuid:ac5fdfdf-d967-400a-a7e4-8d378a0ad3ad",1,1,1,0,0
"uuid:7550ae74-a820-4c4b-8d0b-e8d0916c3f4a",1,0,1,1,0
"uuid:7550ae74-a820-4c4b-8d0b-e8d0916c3f4a",2,0,1,1,0
"uuid:7550ae74-a820-4c4b-8d0b-e8d0916c3f4a",3,0,1,1,0
"uuid:7580fbd2-6987-433f-9fca-007eeb5b1d3c",1,0,1,1,0
"uuid:7580fbd2-6987-433f-9fca-007eeb5b1d3c",2,0,1,1,0
"uuid:75b037a3-a591-431e-baec-6a836967b9a8",1,1,1,1,0
"uuid:83b2c223-eb8b-41c2-93f2-6a7392994c95",1,0,1,0,0
"uuid:7edeef04-cd0a-4d06-bc95-96abd98edfc3",1,1,1,1,1
"uuid:57afc606-fc04-48e0-a9ac-47d1a9f88af6",1,0,1,1,1
"uuid:f1e489a5-7cff-4d85-ab49-9372ffd73a2e",1,0,1,1,1
"uuid:f1e489a5-7cff-4d85-ab49-9372ffd73a2e",2,0,1,1,0
"uuid:ff36b248-1f23-4308-adec-da74f9b34348",1,0,1,0,0
"uuid:ff36b248-1f23-4308-adec-da74f9b34348",2,0,1,0,0
"uuid:23a73dd3-dd47-418d-8b39-e643b4a24648",1,0,1,1,0
"uuid:23a73dd3-dd47-418d-8b39-e643b4a24648",2,0,1,1,0
"uuid:b6739a59-837d-43ea-b4f5-390a1946750b",1,0,1,1,0
"uuid:099dce7c-9da2-4b62-96de-501d0dc9d2d8",1,1,1,1,1
"uuid:099dce7c-9da2-4b62-96de-501d0dc9d2d8",2,1,1,1,0
"uuid:b65f699d-30cb-4731-84a4-3a66c915dfb1",1,0,1,0,0
"uuid:ed7b28bf-911d-4f70-a4b8-d13b249fab48",1,1,1,1,1
"uuid:ed7b28bf-911d-4f70-a4b8-d13b249fab48",2,1,1,1,0
"uuid:6fe1be6c-dc1f-4bd6-ab98-aa155528a0f0",1,0,1,1,1
"uuid:8305c620-bfcd-4fa7-a4df-61d6e6023b65",1,0,1,1,0
"uuid:8305c620-bfcd-4fa7-a4df-61d6e6023b65",2,0,1,1,1
"uuid:f7339eea-2b97-4a32-a395-4d9e85bea9ed",1,0,1,0,0
"uuid:f7339eea-2b97-4a32-a395-4d9e85bea9ed",2,0,1,0,0
"uuid:1ef0be48-9fc0-4854-a02c-d5c6baef6db3",1,0,1,0,0
"uuid:1ef0be48-9fc0-4854-a02c-d5c6baef6db3",2,0,1,0,1
"uuid:434856f4-bfe3-4fd5-a974-02cd346e5522",1,0,1,1,1
"uuid:a48575ad-b600-40fa-91a4-ec3578fbbadd",1,1,1,0,0
"uuid:a48575ad-b600-40fa-91a4-ec3578fbbadd",2,1,1,0,0
"uuid:d1ba5822-8e4c-4cd7-85dc-b4e4c3186f3e",1,0,1,1,0
"uuid:2b961fac-4232-4135-a957-fd402272cf6c",1,1,1,1,0
"uuid:bf36b4e4-92b3-41f8-ac60-35393eaa9d96",1,0,1,1,0
"uuid:99c7d124-3cf1-4c13-aef0-5f44825c9042",1,1,1,1,
"uuid:99c7d124-3cf1-4c13-aef0-5f44825c9042",2,1,1,1,0
"uuid:99c7d124-3cf1-4c13-aef0-5f44825c9042",3,1,1,1,0
"uuid:ec9041bf-e8e8-47e2-8cdf-ba29b48d77a0",1,1,1,1,0
"uuid:ec9041bf-e8e8-47e2-8cdf-ba29b48d77a0",2,1,1,1,0
"uuid:36b54dab-d646-4e2f-81f6-84e007c1261b",1,1,1,0,1
"uuid:36b54dab-d646-4e2f-81f6-84e007c1261b",2,1,1,0,0
"uuid:12a3dc19-a0d6-4a42-9bde-aae45e7deff3",1,0,1,1,1
"uuid:53806aad-c83c-4249-b96e-3d0d64cc73f1",1,1,1,1,0
"uuid:1f2fd5d0-f1c1-4b48-842e-25b3b00533a1",1,1,1,1,0
"uuid:1f2fd5d0-f1c1-4b48-842e-25b3b00533a1",2,1,1,1,0
"uuid:ad62fb96-2e5c-4865-af9a-8dc8bf18a858",1,1,1,1,0
"uuid:2df9ec71-fa25-4bea-a872-7a482a91d769",1,0,1,1,0
"uuid:2233042d-093f-4b6c-a787-076eb53866c5",1,0,1,0,1
"uuid:2233042d-093f-4b6c-a787-076eb53866c5",2,0,1,0,0
"uuid:2ad197eb-0e96-4e5f-82ab-9a00b2ab3702",1,1,1,1,0
"uuid:0227bfe2-3cea-4ab0-ad68-4ae526c11515",1,0,1,1,1
"uuid:ee3e3863-5323-41b8-aad7-21fb141edbf5",1,1,1,1,0
"uuid:213cc24f-b797-4b0c-b1b6-b10b2c5e46a6",1,0,1,1,1
"uuid:213cc24f-b797-4b0c-b1b6-b10b2c5e46a6",2,0,1,1,1
"uuid:30ac98c5-81b5-4e72-9ed4-13de0677237e",1,0,1,1,0
"uuid:bfe8ace4-7fd4-4994-98cb-ca3e876b353b",1,0,1,1,0
"uuid:bfe8ace4-7fd4-4994-98cb-ca3e876b353b",2,0,1,1,1
"uuid:bfe8ace4-7fd4-4994-98cb-ca3e876b353b",3,0,1,1,0
"uuid:fc1e08b2-d3cb-4836-b547-68b202a984fe",1,1,1,0,0
"uuid:fc1e08b2-d3cb-4836-b547-68b202a984fe",2,1,1,0,0
"uuid:dd6349ab-17a5-45e9-9ceb-9fadada5e568",1,0,1,1,1
"uuid:cc3fc8f6-3d0e-4b80-915c-b9a554e894d0",1,1,1,1,1
"uuid:cc3fc8f6-3d0e-4b80-915c-b9a554e894d0",2,1,1,1,1
"uuid:cc3fc8f6-3d0e-4b80-915c-b9a554e894d0",3,1,1,1,0
"uuid:fcfff8f2-e1a9-462f-ab2e-82090a4bc303",1,0,1,1,0
"uuid:fcfff8f2-e1a9-462f-ab2e-82090a4bc303",2,0,1,1,1
"uuid:ee460620-a0a8-4d5e-832c-93a6a31e0141",1,1,1,1,0
"uuid:ee460620-a0a8-4d5e-832c-93a6a31e0141",2,1,1,1,0
"uuid:ee460620-a0a8-4d5e-832c-93a6a31e0141",3,1,1,1,0
"uuid:cca00b6c-309d-4bb8-867c-a7f6288da9e0",1,0,1,1,0
"uuid:cca00b6c-309d-4bb8-867c-a7f6288da9e0",2,0,1,1,1
"uuid:46b51778-a388-4313-b6fa-01b2b7356dc1",1,0,1,0,0
"uuid:ac0bdbb0-c16b-4cc9-b7e6-3cebe5dc4730",1,0,1,0,0
"uuid:ac0bdbb0-c16b-4cc9-b7e6-3cebe5dc4730",2,0,1,0,0
"uuid:ce839f90-6d56-4233-8f28-36fac6e811f1",1,0,1,1,0
"uuid:7b01239a-1093-4b1d-935a-0df07bc14d93",1,1,1,0,1
"uuid:7b01239a-1093-4b1d-935a-0df07bc14d93",2,1,1,0,1
"uuid:d60fea4a-6575-4524-84c2-38abc65e0a09",1,0,1,1,1
"uuid:d60fea4a-6575-4524-84c2-38abc65e0a09",2,0,1,1,1
"uuid:d60fea4a-6575-4524-84c2-38abc65e0a09",3,0,1,1,0
"uuid:8c79cc1f-3182-4576-8d66-75da79ceeb8f",1,1,1,1,1
"uuid:22cc9e9c-7601-4c62-9a1a-c012a8fc4c7e",1,0,1,1,0
"uuid:ed577dfe-13aa-4ef5-b4e6-4a91303cc6a1",1,0,1,0,0
"uuid:ed577dfe-13aa-4ef5-b4e6-4a91303cc6a1",2,0,1,0,0
"uuid:a82e9c29-cea4-4f64-b825-418ae3ac7b8d",1,0,1,1,1
"uuid:a82e9c29-cea4-4f64-b825-418ae3ac7b8d",2,0,1,1,0
"uuid:0fecfe45-c24a-44bf-965b-0caf281e21b3",1,0,1,0,0
"uuid:6601bf67-df9e-4fdc-9012-2b3abb49eb6b",1,0,1,1,1
"uuid:8c83ea84-c80e-43b6-80c6-2ecaa8bc99d8",1,0,1,1,1
"uuid:8c83ea84-c80e-43b6-80c6-2ecaa8bc99d8",2,0,1,1,0
"uuid:bb2489b3-977b-4f92-aebc-141e886f879a",1,0,1,1,1
"uuid:bb2489b3-977b-4f92-aebc-141e886f879a",2,0,1,1,0
"uuid:bc87823b-a89c-4700-b3c9-21cb9d505bfb",1,0,1,0,0
"uuid:c85937d9-22f4-434a-8316-5f521f7bc488",1,1,1,0,1
"uuid:3f70053c-13ab-437f-ad1e-45be3c02ac39",1,1,1,1,0
"uuid:3f70053c-13ab-437f-ad1e-45be3c02ac39",2,1,1,1,0
"uuid:3f70053c-13ab-437f-ad1e-45be3c02ac39",3,1,1,1,1
"uuid:94d4852f-f60f-4638-9f7c-f5dc05c69591",1,0,1,1,0
"uuid:94d4852f-f60f-4638-9f7c-f5dc05c69591",2,0,1,1,0
"uuid:df7717a4-7824-4a75-8f7b-6e9b03bd7838",1,0,1,0,0
"uuid:be617725-51a9-42fe-a90f-fcdad921dc4e",1,1,1,0,0
"uuid:953942e1-8092-4753-9167-27e12e87edc7",1,0,1,1,1
"uuid:953942e1-8092-4753-9167-27e12e87edc7",2,0,1,1,1
"uuid:a0b3370c-de88-41c0-bcc2-b4cb315ee6a6",1,1,1,1,1
"uuid:a0b3370c-de88-41c0-bcc2-b4cb315ee6a6",2,1,1,1,0
"uuid:832b051f-d54b-4dc7-bd60-60ef2a42369d",1,0,1,0,0
"uuid:832b051f-d54b-4dc7-bd60-60ef2a42369d",2,0,1,0,0
"uuid:832b051f-d54b-4dc7-bd60-60ef2a42369d",3,0,1,0,0
"uuid:7be313ac-e930-4042-b06d-0c31f217750f",1,0,1,0,0
"uuid:3e3fbd65-d9b5-41f7-976b-50c1ac02226c",1,1,1,1,0
"uuid:3e3fbd65-d9b5-41f7-976b-50c1ac02226c",2,1,1,1,0
"uuid:062dd632-3fa1-412f-b1cf-ec9ca35d0435",1,1,1,1,0
"uuid:062dd632-3fa1-412f-b1cf-ec9ca35d0435",2,1,1,1,0
"uuid:e9334ef7-a39a-4196-948c-8d4dc54f986f",1,0,1,0,0
"uuid:e9334ef7-a39a-4196-948c-8d4dc54f986f",2,0,1,0,0
"uuid:e9334ef7-a39a-4196-948c-8d4dc54f986f",3,0,1,0,0
"uuid:01405e92-32ec-454f-b703-ea62b255302f",1,0,1,0,1
"uuid:01405e92-32ec-454f-b703-ea62b255302f",2,0,1,0,0
"uuid:49d406a3-73fb-4eb1-a48c-c543df2f5176",1,0,1,1,1
"uuid:86ea130c-7a89-41bb-9fb4-192595315f6f",1,0,1,0,0
"uuid:e2cd3016-97dd-4ce4-8b04-7c476a035626",1,1,1,1,0
"uuid:df8699c9-c5f0-4291-8287-f19bf7608aa4",1,1,1,1,0
"uuid:225585ea-6e82-4215-b737-ff00cd81cd5c",1,0,1,1,0
"uuid:225585ea-6e82-4215-b737-ff00cd81cd5c",2,0,1,1,1
"uuid:6ecc2a15-3b1d-44cd-bade-2be3ea977785",1,0,1,1,0
"uuid:6ecc2a15-3b1d-44cd-bade-2be3ea977785",2,0,1,1,0
"uuid:cc16e181-a550-4e84-909f-b188605a9d74",1,0,1,0,0
"uuid:cc16e181-a550-4e84-909f-b188605a9d74",2,0,1,0,0
"uuid:1915ac21-0504-4247-8a56-fef84412864d",1,1,1,1,0
"uuid:87e712f0-93f6-46eb-8313-e0fbb5f03ef8",1,1,1,1,1
"uuid:87e712f0-93f6-46eb-8313-e0fbb5f03ef8",2,1,1,1,0
"uuid:b41c510e-91ca-40f9-9736-a6745a4c7693",1,1,1,1,0
"uuid:91196f15-9cd3-4d26-910d-a24376fa3a82",1,1,1,0,0
"uuid:91196f15-9cd3-4d26-910d-a24376fa3a82",2,1,1,0,0
"uuid:7a62386f-ebab-4034-b0f2-6901fc932b1d",1,1,1,0,0
"uuid:48706e45-21b4-4249-bdee-66b774a1733e",1,1,0,1,0
"uuid:f245a389-b502-4480-bb5f-2d3d8ac74797",1,0,1,0,0
"uuid:81f8717e-e396-4c68-9e2f-e628a11d74cf",1,1,1,0,0
"uuid:81f8717e-e396-4c68-9e2f-e628a11d74cf",2,1,1,0,1
"uuid:92400091-d743-4876-9c10-517815cddf17",1,0,1,1,1
"uuid:c3e72aac-4c83-4830-a71a-31bd10d346e4",1,0,1,1,0
"uuid:c3e72aac-4c83-4830-a71a-31bd10d346e4",2,0,1,1,0
"uuid:4cec48df-61a1-41a8-b99e-12310ad1d2f3",1,0,1,1,0
"uuid:4cec48df-61a1-41a8-b99e-12310ad1d2f3",2,0,1,1,0
"uuid:0a5a0969-d748-40c4-a1ff-7d7b439cf407",1,1,1,1,0
"uuid:5363db03-3de8-4bae-a71e-02a5c0857f3b",1,0,1,1,0
"uuid:1517af06-1765-4b23-973a-5fc3d7a36435",1,0,1,0,0
"uuid:de6e2faa-62fa-42bc-81ea-de6fd4f158c1",1,0,1,0,0
"uuid:de6e2faa-62fa-42bc-81ea-de6fd4f158c1",2,0,1,0,1
"uuid:1ed4c54f-5841-4236-9408-3181f1f730a3",1,1,1,0,1
"uuid:1ed4c54f-5841-4236-9408-3181f1f730a3",2,1,1,0,0
"uuid:1ed4c54f-5841-4236-9408-3181f1f730a3",3,1,1,0,0
"uuid:6623c8fc-6bf4-4829-8736-c2784acdad0f",1,1,1,1,0
"uuid:6623c8fc-6bf4-4829-8736-c2784acdad0f",2,1,1,1,1
"uuid:9db7983d-7ff2-432a-bf12-c2472a74abf4",1,1,1,0,1
"uuid:9db7983d-7ff2-432a-bf12-c2472a74abf4",2,1,1,0,1
"uuid:552624ef-a32c-485c-857b-e33c0541a63a",1,0,1,1,0
"uuid:552624ef-a32c-485c-857b-e33c0541a63a",2,0,1,1,0
"uuid:5c6105ec-826c-4370-849c-c6cd3cd0adff",1,1,1,0,1
"uuid:5c6105ec-826c-4370-849c-c6cd3cd0adff",2,1,1,0,0
"uuid:5c6105ec-826c-4370-849c-c6cd3cd0adff",3,1,1,0,0
"uuid:65510759-fc58-4f26-b2a2-a0317638cd76",1,0,1,1,0
"uuid:b5cdd044-4a2f-4d59-89bc-6acfb531f490",1,1,1,0,1
"uuid:d0b7d7a3-eac9-468f-8e1c-8f95b8ab8043",1,0,1,0,1
"uuid:f1003d13-0b7d-4bb4-8ed2-50f9ceff4d6f",1,1,1,0,1
"uuid:f1003d13-0b7d-4bb4-8ed2-50f9ceff4d6f",2,1,1,0,0
"uuid:a0533fbb-1bf9-42c2-904a-fa6c955afe33",1,0,1,0,0
"uuid:551fbe4f-fa2c-48a1-8622-13fe400fd956",1,1,1,1,0
"uuid:607a197a-81df-4189-9c77-3f146eddd3a9",1,0,1,0,0
"uuid:607a197a-81df-4189-9c77-3f146eddd3a9",2,0,1,0,0
"uuid:607a197a-81df-4189-9c77-3f146eddd3a9",3,0,1,0,0
"uuid:7840e647-20d0-4630-8a57-a6d7a72f2219",1,0,1,1,0
"uuid:7840e647-20d0-4630-8a57-a6d7a72f2219",2,0,1,1,0
"uuid:a1c38159-6583-4658-9cd7-3b94d6bd3a12",1,0,1,1,1
"uuid:a1c38159-6583-4658-9cd7-3b94d6bd3a12",2,0,1,1,1
"uuid:a1c38159-6583-4658-9cd7-3b94d6bd3a12",3,0,1,1,0
"uuid:99d8b323-e466-4f70-99b3-c9176372e25e",1,0,1,1,0
"uuid:f3333585-ec6b-4571-bf89-294a2064d720",1,0,1,1,1
"uuid:c9e85525-883a-4882-8c21-f8568a79dddd",1,1,1,1,0
"uuid:c9e85525-883a-4882-8c21-f8568a79dddd",2,1,1,1,0
"uuid:bc19a741-c078-4f69-b37f-16e1c187639f",1,0,1,1,0
"uuid:26072cbc-2a83-4abe-a0fc-7701552a32dd",1,1,1,0,0
"uuid:26072cbc-2a83-4abe-a0fc-7701552a32dd",2,1,1,0,0
"uuid:89acd7c6-11c2-4adc-9061-fad9a1b60dd8",1,0,1,1,0
"uuid:97a513ba-a5e7-43c3-ae31-a62e470c58bd",1,1,1,1,0
"uuid:97a513ba-a5e7-43c3-ae31-a62e470c58bd",2,1,1,1,0
"uuid:486c1d2f-0bed-4d40-9fa9-8936a4545dcb",1,1,1,1,1
"uuid:e8a17b8a-5581-4423-866f-6302d048d22c",1,1,1,1,0
"uuid:e011f06e-3a5c-46df-be61-2154e5fe7d68",1,0,1,1,1
"uuid:e011f06e-3a5c-46df-be61-2154e5fe7d68",2,0,1,1,0
"uuid:e011f06e-3a5c-46df-be61-2154e5fe7d68",3,0,1,1,1
"uuid:eda2a1b3-e4f1-4bd9-a446-ea8750079107",1,0,1,1,1
"uuid:03f18e4f-552e-40c4-8bd9-87d2e2791197",1,1,1,1,0
"uuid:03f18e4f-552e-40c4-8bd9-87d2e2791197",2,1,1,1,0
"uuid:7f5a52a4-dde5-44b5-ae4d-5e2cb8872e4b",1,0,1,1,0
"uuid:480e0c6d-4d97-42ee-af1b-3dc4bb0f4837",1,0,1,0,0
"uuid:480e0c6d-4d97-42ee-af1b-3dc4bb0f4837",2,0,1,0,1
"uuid:480e0c6d-4d97-42ee-af1b-3dc4bb0f4837",3,0,1,0,1
"uuid:94ec1c21-7bb1-428c-99f8-a222325b8f90",1,0,1,1,0
"uuid:94ec1c21-7bb1-428c-99f8-a222325b8f90",2,0,1,1,0
"uuid:94ec1c21-7bb1-428c-99f8-a222325b8f90",3,0,1,1,0
"uuid:30f5b3b9-ddfb-40a0-9dad-504cfa1e6301",1,1,1,1,0
"uuid:30f5b3b9-ddfb-40a0-9dad-504cfa1e6301",2,1,1,1,0
"uuid:c6fe3eed-97ef-4cc3-b55b-dfb395ef24c8",1,0,1,1,0
"uuid:c6fe3eed-97ef-4cc3-b55b-dfb395ef24c8",2,0,1,1,0
"uuid:472dd453-c448-4a19-935e-193ce6d4d7cf",1,0,1,1,0
"uuid:472dd453-c448-4a19-935e-193ce6d4d7cf",2,0,1,1,0
"uuid:26ad4c2a-9379-4c3a-a5fc-aaca68d132f5",1,0,1,1,0
"uuid:26ad4c2a-9379-4c3a-a5fc-aaca68d132f5",2,0,1,1,0
"uuid:48ed3646-55b6-4e39-a5b1-9b1c23bde2d5",1,0,1,1,0
"uuid:19288eb5-bd6a-4253-87b2-86e40ebc0292",1,0,1,0,0
"uuid:1b4c107c-3f46-4dad-b57d-c60af2c30bc8",1,0,1,1,0
"uuid:8f18cf37-14cc-4cf7-81b2-480e86e3102f",1,1,1,1,1
"uuid:8f18cf37-14cc-4cf7-81b2-480e86e3102f",2,1,1,1,0
"uuid:8f73cd98-9029-48c3-9fd7-5da53a60e4fa",1,1,1,1,0
"uuid:8f73cd98-9029-48c3-9fd7-5da53a60e4fa",2,1,1,1,0
"uuid:4f992563-dc7d-4636-b233-fc6a69a55ec7",1,1,1,1,0
"uuid:4f992563-dc7d-4636-b233-fc6a69a55ec7",2,1,1,1,1
"uuid:61ca0176-5f6c-483c-b1e0-b4df56844d76",1,0,1,1,0
"uuid:a4cee9cd-4aad-4274-b3ff-d7b7123e8d4b",1,0,1,1,0
"uuid:a4cee9cd-4aad-4274-b3ff-d7b7123e8d4b",2,0,1,1,1
"uuid:a4cee9cd-4aad-4274-b3ff-d7b7123e8d4b",3,0,1,1,1
"uuid:8e0fd5a4-7cb8-45d1-a7b4-c92de7f656f8",1,0,1,1,0
"uuid:e76f060e-fb15-445b-9e71-7f2af6b446a2",1,0,1,0,0
"uuid:e76f060e-fb15-445b-9e71-7f2af6b446a2",2,0,1,0,1
"uuid:e76f060e-fb15-445b-9e71-7f2af6b446a2",3,0,1,0,0
"uuid:d8fb2857-5a85-4d20-a25d-23a27ad03567",1,0,1,1,1
"uuid:b026ff91-78ec-4b01-9e36-f4a5b1fb7d04",1,0,1,0,0
"uuid:f31d2167-fcc2-47b3-b9ab-5f20844fad41",1,0,1,0,0
"uuid:f31d2167-fcc2-47b3-b9ab-5f20844fad41",2,0,1,0,0
"uuid:4393d800-c83e-4205-9091-8bc8e52a3487",1,0,1,1,0
"uuid:4d0cc9d0-7831-451d-a043-3cc3941c4b0f",1,0,1,0,1
"uuid:4d0cc9d0-7831-451d-a043-3cc3941c4b0f",2,0,1,0,0
"uuid:4d0cc9d0-7831-451d-a043-3cc3941c4b0f",3,0,1,0,0
"uuid:34d6b17f-7c62-405a-84f7-88088f64b712",1,0,1,1,0
"uuid:cbe9f191-d56f-4bfa-928b-445bb4815a8a",1,0,1,1,0
"uuid:cbe9f191-d56f-4bfa-928b-445bb4815a8a",2,0,1,1,1
"uuid:cbe9f191-d56f-4bfa-928b-445bb4815a8a",3,0,1,1,0
"uuid:07b69623-e6e2-4729-862b-b6acd25ac3fb",1,0,1,0,0
"uuid:07b69623-e6e2-4729-862b-b6acd25ac3fb",2,0,1,0,0
"uuid:70b0a458-0cd0-499f-b6de-0f600debc151",1,0,1,0,0
"uuid:70b0a458-0cd0-499f-b6de-0f600debc151",2,0,1,0,1
"uuid:4c1b9414-4ea8-4d2a-a6b7-4fd59a4ad6b1",1,1,1,1,0
"uuid:9c75b41b-4131-42a0-84a3-11b67fa0c3ae",1,0,1,1,0
"uuid:9c75b41b-4131-42a0-84a3-11b67fa0c3ae",2,0,1,1,0
"uuid:da5298fe-e33b-4d77-8c63-183c5a83a121",1,0,1,1,0
"uuid:5df92501-f5b7-42db-a47a-9fc0e37e15b5",1,0,1,1,0
"uuid:5df92501-f5b7-42db-a47a-9fc0e37e15b5",2,0,1,1,0
"uuid:5df92501-f5b7-42db-a47a-9fc0e37e15b5",3,0,1,1,0
"uuid:2a1b1c81-bebf-43d4-a6cd-9f793f5e94a7",1,1,1,1,0
"uuid:18b3c103-0492-4312-ab8e-1c99bfa9cb62",1,0,1,1,0
"uuid:37966599-8f7f-459e-9634-63dc148f5aab",1,0,1,1,1
"uuid:37966599-8f7f-459e-9634-63dc148f5aab",2,0,1,1,0
"uuid:5d109318-0f84-4d8b-ae7b-ea8774581e3e",1,0,1,1,0
"uuid:5d109318-0f84-4d8b-ae7b-ea8774581e3e",2,0,1,1,0
"uuid:3bb7ff18-34ca-4b9d-95f7-c80fffa524c2",1,0,1,0,1
"uuid:b29e006e-4da0-442f-81e2-a17a8166c86f",1,0,1,1,0
"uuid:b29e006e-4da0-442f-81e2-a17a8166c86f",2,0,1,1,0
"uuid:18176867-d26e-4e4d-8169-2c85ce6cd2e8",1,1,1,1,0
"uuid:18176867-d26e-4e4d-8169-2c85ce6cd2e8",2,1,1,1,0
"uuid:f3525a7e-d47c-4cd7-8ff3-e06a24f61e6d",1,0,1,0,1
"uuid:7a74bb72-efba-41f6-8f10-833c7e150208",1,0,1,1,0
"uuid:7a74bb72-efba-41f6-8f10-833c7e150208",2,0,1,1,0
"uuid:7a74bb72-efba-41f6-8f10-833c7e150208",3,0,1,1,1
"uuid:ce3a5422-500b-45e5-9d35-539d759e1dc2",1,0,1,1,0
"uuid:ce3a5422-500b-45e5-9d35-539d759e1dc2",2,0,1,1,0
"uuid:f67cc474-8158-4d6b-848c-c04f86664713",1,0,1,0,0
"uuid:f67cc474-8158-4d6b-848c-c04f86664713",2,0,1,0,0
"uuid:f67cc474-8158-4d6b-848c-c04f86664713",3,0,1,0,0
"uuid:b0a169dd-0189-4c60-9770-56d04aa6e0d7",1,0,1,1,0
"uuid:b0a169dd-0189-4c60-9770-56d04aa6e0d7",2,0,1,1,0
"uuid:4e100866-942f-47f8-aece-9153f5cb2776",1,0,1,1,0
"uuid:4e100866-942f-47f8-aece-9153f5cb2776",2,0,1,1,1
"uuid:071d3f03-b69e-4445-92d5-789c6d2233c8",1,1,1,1,0
"uuid:17ad6ef7-8389-4e2e-89fb-8166af3ea812",1,1,1,0,1
"uuid:2ed7bb27-2de5-44ef-99c6-74568375e90b",1,0,1,0,1
"uuid:d5f57d6e-cf2b-41ef-984d-ea318d7fbe2a",1,1,1,1,0
"uuid:d5f57d6e-cf2b-41ef-984d-ea318d7fbe2a",2,1,1,1,0
"uuid:60f95ed6-bcb5-471f-8439-49a0fc279869",1,1,1,0,0
"uuid:60f95ed6-bcb5-471f-8439-49a0fc279869",2,1,1,0,0
"uuid:60f95ed6-bcb5-471f-8439-49a0fc279869",3,1,1,0,0
"uuid:3cdafd5c-ba7d-4e2c-a97f-0a0dacdaea9a",1,0,1,1,0
"uuid:3cdafd5c-ba7d-4e2c-a97f-0a0dacdaea9a",2,0,1,1,0
"uuid:e6f32a4f-1970-4920-a2da-b68c2ddd4eed",1,0,1,1,0
"uuid:e6f32a4f-1970-4920-a2da-b68c2ddd4eed",2,0,1,1,0
"uuid:b5fc10b7-a11f-4832-8741-dfb586784bc7",1,0,1,0,0
"uuid:b5fc10b7-a11f-4832-8741-dfb586784bc7",2,0,1,0,0
"uuid:ae5eb381-a5cf-42bb-9929-ca37d4b25fed",1,1,1,1,0
"uuid:8e22ef93-b587-45aa-be43-9ea29a385ee9",1,1,1,0,0
"uuid:8e22ef93-b587-45aa-be43-9ea29a385ee9",2,1,1,0,0
"uuid:8e22ef93-b587-45aa-be43-9ea29a385ee9",3,1,1,0,0
"uuid:a47b7325-a557-4ca2-adba-03c7d0fed52a",1,0,1,1,0
"uuid:71405ee8-373e-416e-a38c-91c3304694d0",1,1,1,1,0
"uuid:2d295956-577f-40e7-af5e-7cb88cf5b7e6",1,1,1,1,1
"uuid:4fe09f20-cb8a-41e8-8801-cc4a4a4ff61a",1,1,1,1,0
"uuid:4fe09f20-cb8a-41e8-8801-cc4a4a4ff61a",2,1,1,1,0
"uuid:236d335c-695d-4fd8-bc2c-8dcaee567170",1,0,1,1,1
"uuid:236d335c-695d-4fd8-bc2c-8dcaee567170",2,0,1,1,0
"uuid:9f23999b-8920-4075-9f5e-c8df9486f2ef",1,0,1,1,1
"uuid:e8c496c1-7600-4847-b341-7ce1267e1141",1,1,1,1,0
"uuid:e8c496c1-7600-4847-b341-7ce1267e1141",2,1,1,1,0
"uuid:632aea5d-7baa-4236-b614-b105abf0a1dc",1,1,1,1,0
"uuid:bc2bcf6f-ed34-4561-9935-d8dbd1e447c5",1,1,1,1,0
"uuid:0b4a9097-11f6-4f02-9b6a-99e04656c71c",1,0,1,0,0
"uuid:0b4a9097-11f6-4f02-9b6a-99e04656c71c",2,0,1,0,1
"uuid:0b4a9097-11f6-4f02-9b6a-99e04656c71c",3,0,1,0,1
"uuid:3b37ceff-7608-4bcb-89f7-081f9e7375dd",1,0,1,1,1
"uuid:86fc2c75-7912-4454-81ae-1b66fafd1d97",1,0,1,1,1
"uuid:86fc2c75-7912-4454-81ae-1b66fafd1d97",2,0,1,1,1
"uuid:d56e85e3-8425-4dd0-9337-e7e60fcb9d75",1,0,1,1,0
"uuid:d56e85e3-8425-4dd0-9337-e7e60fcb9d75",2,0,1,1,0
"uuid:defacf33-727f-448e-acad-4eb1cf7d81e6",1,0,1,1,0
"uuid:e81d96a8-7405-4d88-8530-e1c1fb0ca587",1,1,1,1,0
"uuid:e81d96a8-7405-4d88-8530-e1c1fb0ca587",2,1,1,1,0
"uuid:409003f3-5b5d-4ed8-b3e8-0a4c96f75377",1,0,1,1,0
"uuid:561f6b95-dd7c-4abe-9667-8b237e457126",1,0,1,0,0
"uuid:561f6b95-dd7c-4abe-9667-8b237e457126",2,0,1,0,0
"uuid:14af18e4-23c1-4183-ae33-6696d7494a4a",1,0,1,1,0
"uuid:1564dd92-78f5-4e5f-857c-18f2701e3a92",1,1,1,1,0
"uuid:08852281-e11f-4003-b11e-f3e3feea1719",1,0,1,1,0
"uuid:08852281-e11f-4003-b11e-f3e3feea1719",2,0,1,1,0
"uuid:08852281-e11f-4003-b11e-f3e3feea1719",3,0,1,1,1
"uuid:39528d6d-e32e-4fd9-a10a-af3a733727fe",1,0,1,0,0
"uuid:39528d6d-e32e-4fd9-a10a-af3a733727fe",2,0,1,0,0
"uuid:39528d6d-e32e-4fd9-a10a-af3a733727fe",3,0,1,0,0
"uuid:3dfc9a47-e33e-4587-affa-b5bed2a63f71",1,0,1,1,0
"uuid:4d7b7e65-3c6d-42d3-9e36-d42e38e16bfb",1,0,1,1,0
"uuid:43c86a02-23aa-4c97-92d7-5333dbb8a7d6",1,0,1,0,0
"uuid:43c86a02-23aa-4c97-92d7-5333dbb8a7d6",2,0,1,0,1
"uuid:f3c20224-3d1a-4925-b4e8-61523217d569",1,0,1,1,0
"uuid:f023657a-c854-4e06-b0ca-cf8b04b49f80",1,0,1,,0
"uuid:0c3a2cb2-b1f6-45cd-af1d-9c5351a01ce9",1,0,1,1,1
"uuid:d8473108-f196-4580-85cb-2804dacccb8d",1,1,1,1,1
"uuid:6257f2b1-286d-4b53-9ee3-4dc8b04ed88c",1,1,1,0,0
"uuid:6257f2b1-286d-4b53-9ee3-4dc8b04ed88c",2,1,1,0,0
"uuid:6257f2b1-286d-4b53-9ee3-4dc8b04ed88c",3,1,1,0,0
"uuid:5b414b00-0f71-4f00-905f-411366811a3c",1,0,1,1,1
"uuid:5b414b00-0f71-4f00-905f-411366811a3c",2,0,1,1,0
"uuid:5b414b00-0f71-4f00-905f-411366811a3c",3,0,1,1,0
"uuid:ec6ae66d-8870-47c0-8028-3041791f136f",1,0,1,0,0
"uuid:4d0e5cb3-5d38-41e1-85c1-63da334fcfe4",1,0,1,1,1
"uuid:4d0e5cb3-5d38-41e1-85c1-63da334fcfe4",2,0,1,1,0
"uuid:7a0ce737-c890-44fe-b925-2f7aa73707a6",1,1,1,1,0
"uuid:35042492-d4e9-46d8-bd88-31e8c7fcc48c",1,0,1,0,0
"uuid:35042492-d4e9-46d8-bd88-31e8c7fcc48c",2,0,1,0,0
"uuid:35042492-d4e9-46d8-bd88-31e8c7fcc48c",3,0,1,0,0
"uuid:f1e11ae3-f420-4025-bc17-dcf4c227d5eb",1,0,1,1,0
"uuid:f1e11ae3-f420-4025-bc17-dcf4c227d5eb",2,0,1,1,1
"uuid:f1e11ae3-f420-4025-bc17-dcf4c227d5eb",3,0,1,1,1
"uuid:91b633c9-23cb-4f7a-8788-c0b2b8f40504",1,0,1,0,0
"uuid:9fee0b4c-7030-4910-9532-cc99dc8dfbf6",1,1,1,1,0
"uuid:1858b67b-18cc-4ffb-836b-518e29d86186",1,0,1,1,0
"uuid:1858b67b-18cc-4ffb-836b-518e29d86186",2,0,1,1,0
"uuid:1858b67b-18cc-4ffb-836b-518e29d86186",3,0,1,1,0
"uuid:adafb832-7045-4733-944a-2eabeab4afd2",1,0,1,1,1
"uuid:adafb832-7045-4733-944a-2eabeab4afd2",2,0,1,1,0
"uuid:c19c053a-d9fc-42f3-990c-1b215dfdf605",1,1,1,0,1
"uuid:c19c053a-d9fc-42f3-990c-1b215dfdf605",2,1,1,0,1
"uuid:ce465d88-2816-4e88-9e23-a715b820a850",1,0,1,1,0
"uuid:ce465d88-2816-4e88-9e23-a715b820a850",2,0,1,1,1
"uuid:009a1d4d-8879-41cc-a060-994eeccd1618",1,1,1,1,0
"uuid:009a1d4d-8879-41cc-a060-994eeccd1618",2,1,1,1,0
"uuid:fe9893ee-3a0e-4adb-b4db-5a4ef70e7f8e",1,1,1,1,0
"uuid:fe9893ee-3a0e-4adb-b4db-5a4ef70e7f8e",2,1,1,1,0
"uuid:ae8f615d-8ab7-4381-ba32-014104a9dfd6",1,1,1,1,0
"uuid:ae8f615d-8ab7-4381-ba32-014104a9dfd6",2,1,1,1,0
"uuid:a6ba35dc-2734-4f20-be60-d808f96c10c3",1,0,1,1,1
"uuid:e9b4ab4b-b361-423b-af2b-1a74b44bfa3d",1,0,1,1,0
"uuid:e9b4ab4b-b361-423b-af2b-1a74b44bfa3d",2,0,1,1,0
"uuid:b4da48d9-b4a6-4949-9ad8-0de4b44cf94d",1,0,1,0,0
"uuid:838b5307-2f3c-4fe2-8705-f3aeb91b5ecb",1,0,1,0,0
"uuid:59ff3f0a-3f55-4eed-856b-d780217a8e44",1,1,1,1,1
"uuid:59ff3f0a-3f55-4eed-856b-d780217a8e44",2,1,1,1,0
"uuid:59ff3f0a-3f55-4eed-856b-d780217a8e44",3,1,1,1,0
"uuid:43afcd65-1b3a-431a-b3f8-5be5628490c4",1,0,1,1,1
"uuid:43afcd65-1b3a-431a-b3f8-5be5628490c4",2,0,1,1,1
"uuid:e51b6db5-9c7a-49ff-8d6c-2ea8f72f1aab",1,0,1,1,0
"uuid:e51b6db5-9c7a-49ff-8d6c-2ea8f72f1aab",2,0,1,1,0
"uuid:dcdb2a47-ab7c-4de7-a7e0-bc0b888cc9d1",1,0,1,1,1
"uuid:dcdb2a47-ab7c-4de7-a7e0-bc0b888cc9d1",2,0,1,1,1
"uuid:59bc855f-0163-4026-9129-43a59760a837",1,1,1,1,0
"uuid:175a48ea-1899-4866-bb6f-6f7990901ce0",1,0,1,1,0
"uuid:cdae5928-51c5-4e8e-85ad-0e5e9b1b4aa7",1,0,1,1,0
"uuid:3fc0c3a5-1b9e-4b58-ac5a-918a983bbd23",1,0,1,0,0
"uuid:3fc0c3a5-1b9e-4b58-ac5a-918a983bbd23",2,0,1,0,0
"uuid:d427b857-b1da-44f8-a374-1f352e71ab4d",1,0,1,1,1
"uuid:89a70ff0-592f-46a7-97f4-ea721a00c5d9",1,1,1,0,0
"uuid:89a70ff0-592f-46a7-97f4-ea721a00c5d9",2,1,1,0,0
"uuid:a5c28039-d3af-45c0-b5e0-5ceca8e5eb5f",1,1,1,0,0
"uuid:31b755b7-9109-45ff-bf09-f6f8b53cb377",1,0,1,1,0
"uuid:9bb87ab7-971c-46a8-aae9-331d3a74530c",1,1,1,1,0
"uuid:65b4f402-8a6f-40f8-b824-5f26e809f324",1,0,1,0,0
"uuid:65b4f402-8a6f-40f8-b824-5f26e809f324",2,0,1,0,0
"uuid:65b4f402-8a6f-40f8-b824-5f26e809f324",3,0,1,0,0
"uuid:a9bc8828-b999-4cfe-8b43-4e961bfbbd17",1,0,1,0,0
"uuid:a9bc8828-b999-4cfe-8b43-4e961bfbbd17",2,0,1,0,0
"uuid:aa73f773-e806-46fa-a139-f75df39135ad",1,0,1,0,1
"uuid:aa73f773-e806-46fa-a139-f75df39135ad",2,0,1,0,0
"uuid:24f2657d-45a2-4aef-ba71-99753d11b6c1",1,1,1,0,0
"uuid:15f46b8c-7530-4bcc-8ffa-ea0de121f4b4",1,1,1,0,1
"uuid:15f46b8c-7530-4bcc-8ffa-ea0de121f4b4",2,1,1,0,1
"uuid:882e2c46-13df-4610-bf5a-25059d8e5522",1,0,1,0,0
"uuid:882e2c46-13df-4610-bf5a-25059d8e5522",2,0,1,0,0
"uuid:2116ce3d-b016-494f-bd76-b76e55adc3b1",1,0,1,1,0
"uuid:421ab4cf-e76c-4568-86c3-60e52233a044",1,0,1,1,1
"uuid:421ab4cf-e76c-4568-86c3-60e52233a044",2,0,1,1,1
"uuid:470d31a5-c9a6-4c68-b292-2f75cce5bc98",1,1,1,1,0
"uuid:973c15d5-172d-499d-af65-538673d2971c",1,0,1,1,0
"uuid:71879c7d-463e-43da-b4b6-013a5242676b",1,0,1,0,0
"uuid:71879c7d-463e-43da-b4b6-013a5242676b",2,0,1,0,1
"uuid:9a90a21a-2a24-4921-9b59-eb4a31b38c8e",1,1,1,0,0
"uuid:9a90a21a-2a24-4921-9b59-eb4a31b38c8e",2,1,1,0,0
"uuid:9a90a21a-2a24-4921-9b59-eb4a31b38c8e",3,1,1,0,1
"uuid:d793f377-ce07-42f7-bc73-e43c01627415",1,1,1,1,0
"uuid:48a71bb4-f8e1-48fa-a9c4-e68916760a14",1,0,1,1,0
"uuid:feae26ec-515c-44b7-bc76-fe895885715a",1,1,1,1,0
"uuid:feae26ec-515c-44b7-bc76-fe895885715a",2,1,1,1,0
"uuid:0f5ab08b-3685-4318-a7cb-ae439a121e7f",1,0,1,1,0
"uuid:0f5ab08b-3685-4318-a7cb-ae439a121e7f",2,0,1,1,0
"uuid:0f5ab08b-3685-4318-a7cb-ae439a121e7f",3,0,1,1,1
"uuid:1555af2e-7aef-4726-9dcb-0a81b5e63075",1,0,1,1,1
"uuid:c2e8fd35-919f-47bc-9e55-4a1b792f827b",1,1,1,0,1
"uuid:c2e8fd35-919f-47bc-9e55-4a1b792f827b",2,1,1,0,1
"uuid:c914bf3c-6c19-4767-874d-ee31a0e143c3",1,0,1,1,0
"uuid:0686745a-8a24-4892-a057-8f74c17e2fe9",1,1,1,1,0
"uuid:a88edf74-7af9-41d5-bdeb-6eaeb770b48f",1,1,1,,0
"uuid:456a93c2-7fed-4c77-a62f-46ebc89fa8bc",1,0,1,1,1
"uuid:ff2c5769-b58c-400d-839a-015763a3af1c",1,0,1,1,0
"uuid:1d801ca4-b233-48d7-aeff-ec0fcec7b8ee",1,0,1,1,1
"uuid:1d801ca4-b233-48d7-aeff-ec0fcec7b8ee",2,0,1,1,0
"uuid:5252bd0a-6a61-49ed-a251-ddcd50f74837",1,0,1,0,1
"uuid:5252bd0a-6a61-49ed-a251-ddcd50f74837",2,0,1,0,0
"uuid:5252bd0a-6a61-49ed-a251-ddcd50f74837",3,0,1,0,1
"uuid:603bcb6a-3c14-45e6-98eb-07cd56b3c03f",1,0,1,1,0
"uuid:8c319c2d-d3fa-4250-9051-6e3217a3d082",1,1,1,0,0
"uuid:8c319c2d-d3fa-4250-9051-6e3217a3d082",2,1,1,0,0
"uuid:6d8a95cb-1c3a-4fce-8d37-c4b20b1493ac",1,0,1,1,1
"uuid:6d8a95cb-1c3a-4fce-8d37-c4b20b1493ac",2,0,1,1,0
"uuid:313f7367-3245-493f-bf3e-189bfa31e1d5",1,0,1,1,0
"uuid:6a61eb2d-c4fd-4710-8ca6-04be50f10c78",1,1,1,1,0
"uuid:6a61eb2d-c4fd-4710-8ca6-04be50f10c78",2,1,1,1,0
"uuid:6a61eb2d-c4fd-4710-8ca6-04be50f10c78",3,1,1,1,0
"uuid:14f0674e-068d-414f-b02c-fe85f3ebdc62",1,0,1,1,0
"uuid:1470eae1-5019-4333-be76-853ee6a386a9",1,0,1,1,1
"uuid:1470eae1-5019-4333-be76-853ee6a386a9",2,0,1,1,0
"uuid:1470eae1-5019-4333-be76-853ee6a386a9",3,0,1,1,1
"uuid:2d472b9e-274a-42ff-a787-f3794abff1fb",1,1,1,0,1
"uuid:2786e869-c1e3-4ac1-b904-b691f267a5c7",1,1,1,0,1
"uuid:2786e869-c1e3-4ac1-b904-b691f267a5c7",2,1,1,0,0
"uuid:0ed356fb-e462-49b3-939f-7627592771d7",1,0,1,1,0
"uuid:7c13907e-0e5e-427d-91b4-36c1ee031918",1,0,1,0,0
"uuid:7c13907e-0e5e-427d-91b4-36c1ee031918",2,0,1,0,0
"uuid:c5256ec4-1434-4d13-9357-8fab2fdebd9f",1,0,1,1,0
"uuid:20983b52-6dce-44d6-a14b-ec1682e810d5",1,0,1,1,0
"uuid:c60c5756-e069-4711-97a9-6e6e6874ce5e",1,0,1,1,0
"uuid:c60c5756-e069-4711-97a9-6e6e6874ce5e",2,0,1,1,0
"uuid:8fe9faed-c06f-40ed-9597-0eae4ab0b71b",1,1,1,1,0
"uuid:8fe9faed-c06f-40ed-9597-0eae4ab0b71b",2,1,1,1,1
"uuid:cd7257b5-12a8-48b7-8b0c-d2cd59cb2d2c",1,1,1,1,0
"uuid:cd7257b5-12a8-48b7-8b0c-d2cd59cb2d2c",2,1,1,1,0
"uuid:cb96c61a-fefb-4582-9c2a-0cde24bfd5a4",1,0,1,1,0
"uuid:cb96c61a-fefb-4582-9c2a-0cde24bfd5a4",2,0,1,1,0
"uuid:ff3c13e4-6ee8-484e-a3a6-6143cf768628",1,0,1,,0
"uuid:1af2600c-658d-428e-9e58-0c5cdb2f1bab",1,0,1,1,0
"uuid:1af2600c-658d-428e-9e58-0c5cdb2f1bab",2,0,1,1,0
"uuid:1af2600c-658d-428e-9e58-0c5cdb2f1bab",3,0,1,1,0
"uuid:3d4671fa-2ff2-4ef3-bbd4-0cc6e9b0ac84",1,0,1,1,0
"uuid:3d4671fa-2ff2-4ef3-bbd4-0cc6e9b0ac84",2,0,1,1,0
"uuid:3d4671fa-2ff2-4ef3-bbd4-0cc6e9b0ac84",3,0,1,1,0
"uuid:f91ea3a4-d3a5-477f-94d4-6fce124647d1",1,0,1,1,0
"uuid:b42b149c-76af-4faa-a1af-2447526f66ef",1,0,1,1,0
"uuid:b42b149c-76af-4faa-a1af-2447526f66ef",2,0,1,1,0
"uuid:b42b149c-76af-4faa-a1af-2447526f66ef",3,0,1,1,1
"uuid:826c18d1-dbf4-4ec3-8bb4-8590d935b58c",1,0,1,1,1
"uuid:826c18d1-dbf4-4ec3-8bb4-8590d935b58c",2,0,1,1,0
"uuid:826c18d1-dbf4-4ec3-8bb4-8590d935b58c",3,0,1,1,0
"uuid:6963c5ec-9837-4e76-8f49-e8bb7792a0a5",1,0,1,0,1
"uuid:6963c5ec-9837-4e76-8f49-e8bb7792a0a5",2,0,1,0,0
"uuid:8bafd8d5-2db6-4083-8991-acf9383153e1",1,1,1,0,0
"uuid:8bafd8d5-2db6-4083-8991-acf9383153e1",2,1,1,0,0
"uuid:44df8285-3143-425a-897b-5ee49bc694e8",1,0,1,1,1
"uuid:5cfbea18-d164-426b-bd40-9c2cb1ab3a9f",1,1,1,1,0
"uuid:37a76f23-4f4b-4704-84c6-95a955bfaf37",1,0,1,1,0
"uuid:37a76f23-4f4b-4704-84c6-95a955bfaf37",2,0,1,1,0
"uuid:e0a051fd-eea1-4f57-961f-629aeac16072",1,1,1,0,0
"uuid:1aa7696b-fe8b-41a7-a033-051a97db0c2e",1,0,1,0,0
"uuid:1aa7696b-fe8b-41a7-a033-051a97db0c2e",2,0,1,0,0
"uuid:1aa7696b-fe8b-41a7-a033-051a97db0c2e",3,0,1,0,0
"uuid:5b6a35d0-10c2-4c84-9636-93f43c0394ec",1,0,1,1,0
"uuid:5b6a35d0-10c2-4c84-9636-93f43c0394ec",2,0,1,1,1
"uuid:522d3989-4ca1-4a5e-a34e-fc17d61c11db",1,0,1,1,0
"uuid:522d3989-4ca1-4a5e-a34e-fc17d61c11db",2,0,1,1,1
"uuid:715361d1-85b0-40eb-9fa7-0502872d1ec3",1,0,1,0,0
"uuid:715361d1-85b0-40eb-9fa7-0502872d1ec3",2,0,1,0,0
"uuid:684349f5-ef24-46ee-a355-cad44641bd29",1,0,1,0,1
"uuid:22e8a6e0-d1e1-4337-adcd-b9ac1977428b",1,0,1,0,0
"uuid:22e8a6e0-d1e1-4337-adcd-b9ac1977428b",2,0,1,0,0
"uuid:62e7a294-6c3a-426e-b76f-8a2d5c2ffee0",1,0,1,1,0
"uuid:62e7a294-6c3a-426e-b76f-8a2d5c2ffee0",2,0,1,1,0
"uuid:62e7a294-6c3a-426e-b76f-8a2d5c2ffee0",3,0,1,1,0
"uuid:dca9f089-0e20-41e3-8b72-1e490dc32e2d",1,1,1,1,0
"uuid:06d46151-3299-4c57-9541-546bb91d3b2a",1,1,1,1,1
"uuid:daeae477-86aa-4978-908a-e76909a70c6b",1,1,1,1,0
"uuid:03523c93-f431-4500-ae19-d0122e94b3cd",1,1,1,1,0
"uuid:2ae569db-4faa-4d44-8573-c498d7a89416",1,0,1,1,1
"uuid:9bfee36d-e61c-4ee3-ae0e-594ddc69d3f4",1,0,1,0,0
"uuid:64cc106c-0285-4c41-a3db-3c61b3efc727",1,1,1,1,0
"uuid:64cc106c-0285-4c41-a3db-3c61b3efc727",2,1,1,1,1
"uuid:64cc106c-0285-4c41-a3db-3c61b3efc727",3,1,1,1,1
"uuid:f26bb411-3e22-41ba-849d-91c1320ca8f6",1,0,1,0,0
"uuid:f26bb411-3e22-41ba-849d-91c1320ca8f6",2,0,1,0,0
"uuid:f26bb411-3e22-41ba-849d-91c1320ca8f6",3,0,1,0,0
"uuid:dae44a5d-b452-4ee1-be27-77c2a9fbe86e",1,0,1,0,0
"uuid:dae44a5d-b452-4ee1-be27-77c2a9fbe86e",2,0,1,0,0
"uuid:7b04df2a-0319-4a8c-930a-d64428a6e6d6",1,0,1,1,0
"uuid:7b04df2a-0319-4a8c-930a-d64428a6e6d6",2,0,1,1,0
"uuid:6ea39ec6-682b-4b49-a4e1-5b7e2d36e7ff",1,0,1,1,0
"uuid:7380f188-9b3c-456a-831a-c8589f6b124a",1,1,1,1,1
"uuid:7380f188-9b3c-456a-831a-c8589f6b124a",2,1,1,1,0
"uuid:8076c6d3-9f72-4a9e-b944-d275c24c9bcd",1,0,1,0,0
"uuid:8076c6d3-9f72-4a9e-b944-d275c24c9bcd",2,0,1,0,0
"uuid:62465b64-1bd4-4919-b73d-18217bcbd73e",1,1,1,0,1
"uuid:699ee7de-07d3-4228-af49-48e84dcc2318",1,1,1,1,0
"uuid:f67ea762-ea97-4c52-b024-123e4db04cf3",1,1,1,0,0
"uuid:f67ea762-ea97-4c52-b024-123e4db04cf3",2,1,1,0,0
"uuid:fb95eb79-ea7b-4849-9343-069d5dcfee41",1,0,1,0,0
"uuid:0c26fa55-c426-4b92-a480-30c705787bc7",1,0,1,1,0
"uuid:010097e4-e65b-4f37-a8ca-7b4425d6a4c8",1,0,1,0,1
"uuid:010097e4-e65b-4f37-a8ca-7b4425d6a4c8",2,0,1,0,0
"uuid:431b8ef0-9625-44f9-8804-61cf2c40e6db",1,0,1,1,0
"uuid:431b8ef0-9625-44f9-8804-61cf2c40e6db",2,0,1,1,0
"uuid:6a0092ce-d8c4-4470-9073-c117412a7b94",1,0,1,0,0
"uuid:6a0092ce-d8c4-4470-9073-c117412a7b94",2,0,1,0,0
"uuid:6a0092ce-d8c4-4470-9073-c117412a7b94",3,0,1,0,0
"uuid:84c47eac-a8c5-41bd-b94f-b56958421ec3",1,0,1,1,0
"uuid:84c47eac-a8c5-41bd-b94f-b56958421ec3",2,0,1,1,0
"uuid:48bdaa9a-073f-477f-93e6-1d815450ed08",1,0,1,1,0
"uuid:2eedfaa3-5b38-407a-a7a6-ab07ca92cc62",1,0,1,1,0
"uuid:daf07992-512d-434d-b0ae-527cd55153d3",1,0,1,,0
"uuid:daf07992-512d-434d-b0ae-527cd55153d3",2,0,1,,0
"uuid:daf07992-512d-434d-b0ae-527cd55153d3",3,0,1,,0
"uuid:6cf2ebd1-ea92-4212-be1a-4f06a2e19112",1,0,1,1,0
"uuid:76b068dc-8cb7-4083-91a6-169efdd6474e",1,0,1,1,0
"uuid:3e5a662f-0c7e-4852-92ee-3302e939d316",1,1,1,1,0
"uuid:3e5a662f-0c7e-4852-92ee-3302e939d316",2,1,1,1,0
"uuid:3e5a662f-0c7e-4852-92ee-3302e939d316",3,1,1,1,0
"uuid:d2cc8ba7-746b-43aa-b9a6-4b1e62067c20",1,0,1,1,0
"uuid:d2cc8ba7-746b-43aa-b9a6-4b1e62067c20",2,0,1,1,0
"uuid:63bd86ac-e3a4-45ed-b152-614e821b216d",1,0,1,1,0
"uuid:63bd86ac-e3a4-45ed-b152-614e821b216d",2,0,1,1,0
"uuid:19a34e47-8f4d-4a11-aacb-8909068580a9",1,1,1,0,0
"uuid:19a34e47-8f4d-4a11-aacb-8909068580a9",2,1,1,0,0
"uuid:19a34e47-8f4d-4a11-aacb-8909068580a9",3,1,1,0,0
"uuid:a70b934a-ae4f-4f60-b58b-b0854cc0a7f2",1,1,1,0,0
"uuid:b2424178-c7ed-410e-a0b0-a3eea7ca3d75",1,1,1,1,0
"uuid:b2424178-c7ed-410e-a0b0-a3eea7ca3d75",2,1,1,1,0
"uuid:4e3479e1-8d44-4d4d-b1b1-efaa5eb58e1f",1,0,1,0,0
"uuid:4e3479e1-8d44-4d4d-b1b1-efaa5eb58e1f",2,0,1,0,0
"uuid:cf71992a-9886-478e-8c0e-0d69f855f65c",1,1,1,0,0
"uuid:cf71992a-9886-478e-8c0e-0d69f855f65c",2,1,1,0,0
"uuid:cf71992a-9886-478e-8c0e-0d69f855f65c",3,1,1,0,0
"uuid:67bbf93e-5d53-490d-9236-f0989d56c110",1,0,1,1,0
"uuid:67bbf93e-5d53-490d-9236-f0989d56c110",2,0,1,1,1
"uuid:6d1bdfd7-2ad9-41b5-894e-6b22e2b7510f",1,1,1,1,0
"uuid:6d1bdfd7-2ad9-41b5-894e-6b22e2b7510f",2,1,1,1,1
"uuid:6d1bdfd7-2ad9-41b5-894e-6b22e2b7510f",3,1,1,1,0
"uuid:b118ee2c-f4c9-4197-9a2d-32d5cff3b3b9",1,1,1,1,1
"uuid:dea34504-2c2e-49a7-abc5-04490d2c4f34",1,0,1,0,1
"uuid:dea34504-2c2e-49a7-abc5-04490d2c4f34",2,0,1,0,1
"uuid:dea34504-2c2e-49a7-abc5-04490d2c4f34",3,0,1,0,0
"uuid:ccdf02b6-4a0f-4d97-bcbd-d51d51f993cf",1,1,1,1,0
"uuid:b07b384e-4d87-4be7-8707-886d2409983a",1,0,1,1,1
"uuid:8dd849f6-3c40-45d3-b44b-f359966c2b31",1,0,1,1,0
"uuid:8dd849f6-3c40-45d3-b44b-f359966c2b31",2,0,1,1,1
"uuid:3b16ab11-ed6f-43c1-8ad3-ed13960ec799",1,1,1,0,1
"uuid:3b16ab11-ed6f-43c1-8ad3-ed13960ec799",2,1,1,0,1
"uuid:3b16ab11-ed6f-43c1-8ad3-ed13960ec799",3,1,1,0,0
"uuid:088398ef-449a-418a-8aff-2e344dd94f9a",1,0,1,0,1
"uuid:d1f45669-ff20-4bb4-b916-d2e61844cdf2",1,0,1,1,0
"uuid:9c73cd99-5979-46e8-85f0-c75b0a68b152",1,1,1,0,1
"uuid:9c73cd99-5979-46e8-85f0-c75b0a68b152",2,1,1,0,1
"uuid:ddc393f8-aba1-4c13-ac29-e784f8867f8f",1,0,1,1,0
"uuid:0532f492-b9a2-444e-a84b-b6ff6ce68ce2",1,0,0,0,0
"uuid:7bc90577-98ad-473a-8ada-574ccc8b9883",1,1,1,1,0
"uuid:32358fa9-3526-4219-92c0-85b3d63f2136",1,0,1,1,0
"uuid:32358fa9-3526-4219-92c0-85b3d63f2136",2,0,1,1,0
"uuid:32358fa9-3526-4219-92c0-85b3d63f2136",3,0,1,1,0
"uuid:f73f3e67-6c69-4233-a7f1-737837f56f28",1,0,1,1,1
"uuid:111a2a6b-b394-41b2-97ad-13c640182554",1,0,1,1,0
"uuid:b90b19f6-3c67-4567-82ba-b20bdd300d62",1,1,1,1,0
"uuid:b90b19f6-3c67-4567-82ba-b20bdd300d62",2,1,1,1,1
"uuid:b90b19f6-3c67-4567-82ba-b20bdd300d62",3,1,1,1,0
"uuid:c334becf-4766-4583-94d5-080145e4c20f",1,0,1,1,0
"uuid:71a6810b-8573-4efd-86a8-61e2f0aeb204",1,0,1,1,0
"uuid:71a6810b-8573-4efd-86a8-61e2f0aeb204",2,0,1,1,0
"uuid:f9f70e0c-5f46-4e8f-b432-89fd0d6e010b",1,0,1,1,0
"uuid:f9f70e0c-5f46-4e8f-b432-89fd0d6e010b",2,0,1,1,0
"uuid:f9f70e0c-5f46-4e8f-b432-89fd0d6e010b",3,0,1,1,0
"uuid:4bb90a8f-b208-47bb-bc8e-e1240386da0c",1,0,1,1,0
"uuid:27ecced7-924a-4899-9848-c515e2efb0b8",1,0,1,1,1
"uuid:27ecced7-924a-4899-9848-c515e2efb0b8",2,0,1,1,0
"uuid:27ecced7-924a-4899-9848-c515e2efb0b8",3,0,1,1,0
"uuid:91447119-df5a-4a28-8fef-adf08bae9d59",1,1,1,1,1
"uuid:91447119-df5a-4a28-8fef-adf08bae9d59",2,1,1,1,0
"uuid:91447119-df5a-4a28-8fef-adf08bae9d59",3,1,1,1,1
"uuid:7162fe45-8e7d-43e0-bec3-45726631d764",1,1,1,1,1
"uuid:7162fe45-8e7d-43e0-bec3-45726631d764",2,1,1,1,1
"uuid:00e7ae50-1e1c-41ed-8f22-aa0c2b58588b",1,0,1,1,1
"uuid:00e7ae50-1e1c-41ed-8f22-aa0c2b58588b",2,0,1,1,0
"uuid:f7005403-9473-421d-a90f-1c25411e7928",1,0,1,1,1
"uuid:568d1a3b-9e84-42ed-88c4-0335c1928306",1,1,1,0,0
"uuid:a95ab02d-b418-444f-b4a1-0e75e7585673",1,0,1,1,0
"uuid:a95ab02d-b418-444f-b4a1-0e75e7585673",2,0,1,1,0
"uuid:a95ab02d-b418-444f-b4a1-0e75e7585673",3,0,1,1,0
"uuid:5e82766a-d0e3-45a1-b824-d8524cafe76f",1,0,1,1,0
"uuid:c53ffbfa-0f0c-4a1c-980c-9c002404cade",1,1,1,1,0
"uuid:c53ffbfa-0f0c-4a1c-980c-9c002404cade",2,1,1,1,0
"uuid:c53ffbfa-0f0c-4a1c-980c-9c002404cade",3,1,1,1,0
"uuid:7be264fe-a299-40e6-9142-97b18419899a",1,1,1,0,0
"uuid:7be264fe-a299-40e6-9142-97b18419899a",2,1,1,0,0
"uuid:a2e639c4-699e-46b5-9c2c-7e93220e1976",1,1,1,1,1
"uuid:a2e639c4-699e-46b5-9c2c-7e93220e1976",2,1,1,1,1
"uuid:dba9af13-d321-485f-b635-1a2a59049a61",1,0,1,1,1
"uuid:88e554bc-ed61-40b7-9fb6-6e22377a859b",1,0,1,1,0
"uuid:108adc98-a1b9-4782-bc3b-dae28d38404c",1,0,1,1,0
"uuid:36a08e3c-62bc-4d0b-98af-56bc16e0f595",1,0,1,0,0
"uuid:36a08e3c-62bc-4d0b-98af-56bc16e0f595",2,0,1,0,1
"uuid:505bac27-b756-4d7d-9d2f-56d322c8d1a0",1,1,1,1,1
"uuid:98402e28-47b5-438a-a0db-ebca26501442",1,0,1,1,0
"uuid:98402e28-47b5-438a-a0db-ebca26501442",2,0,1,1,0
"uuid:b9672e7f-ad18-40b3-8744-a4b18a8433e9",1,1,1,1,0
"uuid:b9672e7f-ad18-40b3-8744-a4b18a8433e9",2,1,1,1,0
"uuid:2c44e5b2-fdae-4e62-9ed9-f96630970c04",1,1,1,1,0
"uuid:2c44e5b2-fdae-4e62-9ed9-f96630970c04",2,1,1,1,0
"uuid:2c44e5b2-fdae-4e62-9ed9-f96630970c04",3,1,1,1,1
"uuid:48774092-9982-400f-9053-0995296f7aef",1,0,1,1,0
"uuid:48774092-9982-400f-9053-0995296f7aef",2,0,1,1,0
"uuid:804fab2c-ff3b-406a-8249-21ed55f58e8b",1,0,1,1,0
"uuid:de74f274-a3aa-4466-a374-98c81d3ce7ef",1,0,1,0,1
"uuid:34258e6a-47a1-4483-a825-b094689d72d9",1,0,1,1,0
"uuid:34258e6a-47a1-4483-a825-b094689d72d9",2,0,1,1,0
"uuid:34258e6a-47a1-4483-a825-b094689d72d9",3,0,1,1,1
"uuid:7f1c8baf-5040-4e48-84db-e567df762b23",1,1,1,0,1
"uuid:7f1c8baf-5040-4e48-84db-e567df762b23",2,1,1,0,0
"uuid:9cfec074-a39c-4543-9800-517491b5170e",1,0,1,1,0
"uuid:ca462c38-327e-4c8b-9083-c39723035837",1,1,1,1,0
"uuid:a21ad798-2ba4-4d57-9dd7-9b38441e55de",1,0,1,1,1
"uuid:858efbc9-5930-47c9-b763-172296a34d2b",1,0,1,1,0
"uuid:e4ccc345-7a7d-4dd9-adfa-8785f4988b7b",1,0,1,1,1
"uuid:e4ccc345-7a7d-4dd9-adfa-8785f4988b7b",2,0,1,1,1
"uuid:0874f1d4-cd21-4e24-b667-715a63f748d9",1,1,1,0,0
"uuid:46fe1741-e1a8-46c9-9180-421e20bb5dd1",1,0,1,1,0
"uuid:46fe1741-e1a8-46c9-9180-421e20bb5dd1",2,0,1,1,0
"uuid:82faa7c9-6e87-4633-a9a1-264f0e2f8b78",1,1,1,1,0
"uuid:63b6d3b7-fb33-48c1-be5e-71e0a51c8d0f",1,0,1,1,0
"uuid:63b6d3b7-fb33-48c1-be5e-71e0a51c8d0f",2,0,1,1,0
"uuid:0bf821f9-d719-4072-a208-217738236768",1,0,1,1,1
"uuid:0bf821f9-d719-4072-a208-217738236768",2,0,1,1,0
"uuid:0bf821f9-d719-4072-a208-217738236768",3,0,1,1,0
"uuid:408dbb5c-3c29-4219-a07b-f2784753bd3b",1,0,1,0,0
"uuid:a7482877-8409-4a6c-a362-33a0a9d00297",1,0,1,1,0
"uuid:a7482877-8409-4a6c-a362-33a0a9d00297",2,0,1,1,1
"uuid:fa7f0972-2f84-4520-a0d5-76afd62fe194",1,0,1,1,0
"uuid:fa7f0972-2f84-4520-a0d5-76afd62fe194",2,0,1,1,1
"uuid:2f7f059d-6a89-4810-9272-1717ef1e43da",1,0,1,0,0
"uuid:f0e17a8b-b861-41e9-85c4-2497d82b2b1c",1,0,1,0,0
"uuid:f0e17a8b-b861-41e9-85c4-2497d82b2b1c",2,0,1,0,1
"uuid:f0e17a8b-b861-41e9-85c4-2497d82b2b1c",3,0,1,0,0
"uuid:f50ad71d-58cf-45b2-877c-b94ff0a1d4ce",1,1,1,0,0
"uuid:201736b7-8727-497a-b2a9-0a106861176f",1,0,1,1,1
"uuid:201736b7-8727-497a-b2a9-0a106861176f",2,0,1,1,0
"uuid:3526b6c1-291e-4ee2-95ad-6724137f568f",1,0,1,1,1
"uuid:3526b6c1-291e-4ee2-95ad-6724137f568f",2,0,1,1,0
"uuid:92a4e834-ada0-4210-8031-07f36821b8f5",1,1,1,1,1
"uuid:3a64ed72-354b-437b-b025-eaf3cbfa9ce3",1,0,1,0,0
"uuid:3a64ed72-354b-437b-b025-eaf3cbfa9ce3",2,0,1,0,0
"uuid:be3f51e4-e559-44ce-b7d1-a72619aa6d60",1,0,1,1,1
"uuid:62bdccef-a13a-4ea2-9979-ad8449920cad",1,1,1,1,0
"uuid:67a4b126-f1af-4291-9f1d-d333cd5adc50",1,0,1,1,0
"uuid:5bc64e81-0829-40b2-ac34-024134f40152",1,0,1,1,0
"uuid:f0baffb5-2e16-4e4b-aead-090d1650ed20",1,0,1,1,1
"uuid:003c51c9-0147-41eb-9dd2-b9c7cdcc488e",1,0,1,0,0
"uuid:8eab079b-52c2-4bfc-9eb8-1dfe6c4e896a",1,0,1,1,0
"uuid:7a724e4f-45e0-45bd-8787-54134e221b2b",1,1,1,0,0
"uuid:2a0d8bb4-f280-4ad1-a09f-c89dbb10b887",1,0,1,1,1
"uuid:2a0d8bb4-f280-4ad1-a09f-c89dbb10b887",2,0,1,1,0
"uuid:2a0d8bb4-f280-4ad1-a09f-c89dbb10b887",3,0,1,1,0
"uuid:f2bf8d01-baf6-476f-91f5-9de0e1fc097f",1,1,1,1,0
"uuid:0181ac59-9ddd-4ac6-9593-c4bcd461c5d9",1,0,1,1,1
"uuid:0181ac59-9ddd-4ac6-9593-c4bcd461c5d9",2,0,1,1,0
"uuid:d2cbb865-91b0-4490-b826-54f55e7a973d",1,1,1,1,0
"uuid:d2cbb865-91b0-4490-b826-54f55e7a973d",2,1,1,1,0
"uuid:15356c65-9062-4d27-aae7-777c08848b0d",1,0,1,1,1
"uuid:15356c65-9062-4d27-aae7-777c08848b0d",2,0,1,1,1
"uuid:24b523f9-bbd1-4156-8c0c-c7260165a99a",1,0,1,1,0
"uuid:a1572386-6ea0-4e4d-97ca-d9288cdd1567",1,1,1,0,0
"uuid:a1572386-6ea0-4e4d-97ca-d9288cdd1567",2,1,1,0,0
"uuid:3620e2a6-3359-4628-9031-4d7661735029",1,0,1,0,0
"uuid:b7052ef3-2a57-47ac-a226-33a7890a1c68",1,0,1,0,0
"uuid:a22c1475-9d4f-456b-b0ef-f86f8803b85d",1,1,1,1,0
"uuid:a59ecadf-1e00-405f-bd6d-25150917eea6",1,0,1,1,0
"uuid:5926e9d3-4e9e-4431-b867-f92636abee7a",1,0,1,1,0
"uuid:8e7ab392-601a-4fc3-b880-78a588ccbe23",1,0,1,0,1
"uuid:8e7ab392-601a-4fc3-b880-78a588ccbe23",2,0,1,0,1
"uuid:e48437cc-a2d6-4cdc-a8fe-ba7d6534d0f8",1,0,1,1,0
"uuid:e48437cc-a2d6-4cdc-a8fe-ba7d6534d0f8",2,0,1,1,0
"uuid:e48437cc-a2d6-4cdc-a8fe-ba7d6534d0f8",3,0,1,1,1
"uuid:d47c5f45-2f4d-41ea-94b1-31429177f55d",1,0,1,1,1
"uuid:2be64eb6-3fd7-4c30-bd95-335acaa0a32e",1,0,1,0,0
"uuid:cf32c5ff-cc5d-424b-9ca7-d2e9397476d7",1,0,1,1,0
"uuid:0eba7b02-04d9-4997-baf5-0f2cdcc74fde",1,1,1,1,0
"uuid:0eba7b02-04d9-4997-baf5-0f2cdcc74fde",2,1,1,1,0
"uuid:84a7467d-0958-46d3-9199-063335b63f42",1,0,1,1,0
"uuid:84a7467d-0958-46d3-9199-063335b63f42",2,0,1,1,0
"uuid:84a7467d-0958-46d3-9199-063335b63f42",3,0,1,1,0
"uuid:6b223371-6758-48a6-93d4-d8dbb2005c87",1,0,1,1,1
"uuid:6b223371-6758-48a6-93d4-d8dbb2005c87",2,0,1,1,0
"uuid:4b0fa620-bac6-4c2f-81d9-dc98566131af",1,1,1,1,0
"uuid:39dce497-b8f9-4d44-9794-fe0ea70364ff",1,1,1,1,0
"uuid:c924819e-0451-44b1-958a-3b862578419c",1,1,1,1,0
"uuid:c924819e-0451-44b1-958a-3b862578419c",2,1,1,1,0
"uuid:d0e5f19c-d1e2-4870-a5de-79867479a728",1,0,1,1,0
"uuid:90298f9f-a14d-4d4f-8aee-dab846a6f8f0",1,1,1,1,1
"uuid:90298f9f-a14d-4d4f-8aee-dab846a6f8f0",2,1,1,1,0
"uuid:90298f9f-a14d-4d4f-8aee-dab846a6f8f0",3,1,1,1,1
"uuid:07fe2c3b-593d-4c0d-8541-f17f008605a8",1,0,1,0,1
"uuid:ec48f4fe-8986-467e-91e3-02cddfb07748",1,1,1,1,0
"uuid:ec48f4fe-8986-467e-91e3-02cddfb07748",2,1,1,1,0
"uuid:ec48f4fe-8986-467e-91e3-02cddfb07748",3,1,1,1,0
"uuid:88bf679a-6a32-4405-90aa-f7d9aedfef62",1,0,1,1,0
"uuid:88bf679a-6a32-4405-90aa-f7d9aedfef62",2,0,1,1,0
"uuid:b0e78363-2119-43b7-9a04-bae9112551cc",1,0,1,1,1
"uuid:b0e78363-2119-43b7-9a04-bae9112551cc",2,0,1,1,0
"uuid:bc02c44f-e599-47cf-a32e-cfecaa1dc645",1,0,1,0,0
"uuid:d4ebdcd2-39e5-44a8-9c86-e94ac83ec306",1,0,1,1,0
"uuid:a8812899-7013-4f64-a315-d7435c8ff1e4",1,0,1,1,0
"uuid:a8812899-7013-4f64-a315-d7435c8ff1e4",2,0,1,1,1
"uuid:a8812899-7013-4f64-a315-d7435c8ff1e4",3,0,1,1,0
"uuid:d1aeec71-b848-49f6-891d-f8ceddfa0153",1,0,1,1,0
"uuid:d1aeec71-b848-49f6-891d-f8ceddfa0153",2,0,1,1,1
"uuid:d1aeec71-b848-49f6-891d-f8ceddfa0153",3,0,1,1,0
"uuid:5153261b-44dc-48fe-acb8-dca32779fecd",1,0,1,1,1
"uuid:9437e636-9e9f-4758-9dac-9080101250d8",1,0,1,1,0
"uuid:14737ccb-b48b-4282-8d8a-dedf9b256ab8",1,1,1,1,0
"uuid:14737ccb-b48b-4282-8d8a-dedf9b256ab8",2,1,1,1,0
"uuid:683bc05a-ccf3-48a7-a49e-a63bc23e5ea2",1,0,1,1,0
"uuid:683bc05a-ccf3-48a7-a49e-a63bc23e5ea2",2,0,1,1,0
"uuid:391df323-3f73-4537-88d1-5a952ddae80d",1,1,1,1,0
"uuid:391df323-3f73-4537-88d1-5a952ddae80d",2,1,1,1,0
"uuid:391df323-3f73-4537-88d1-5a952ddae80d",3,1,1,1,0
"uuid:30f34c92-da1f-4d4f-9be5-d853ab6ab49a",1,1,1,0,0
"uuid:30f34c92-da1f-4d4f-9be5-d853ab6ab49a",2,1,1,0,0
"uuid:5008b42e-8980-44ca-a845-adb2448c1f5c",1,0,1,1,0
"uuid:5008b42e-8980-44ca-a845-adb2448c1f5c",2,0,1,1,0
"uuid:8a4f7439-41f1-400d-bf2d-dec7202ef681",1,0,1,1,0
"uuid:ab76af6a-70e7-4cfd-9956-e0888d32c428",1,0,1,1,0
"uuid:45386926-80f0-452e-a87d-235b45cd4e95",1,0,1,0,1
"uuid:4c720f1c-d74d-45b2-84bc-c5fba157b122",1,0,1,1,1
"uuid:4c720f1c-d74d-45b2-84bc-c5fba157b122",2,0,1,1,1
"uuid:4c720f1c-d74d-45b2-84bc-c5fba157b122",3,0,1,1,0
"uuid:c1c5600f-6187-4cb3-a4bd-967498ddb77f",1,1,1,0,0
"uuid:c1c5600f-6187-4cb3-a4bd-967498ddb77f",2,1,1,0,1
"uuid:9c51c4eb-9100-4e92-b1e5-fab2ccbd61f0",1,0,1,1,0
"uuid:1211208b-4e9a-4c1f-a08c-cb789340b4b9",1,0,1,1,1
"uuid:1211208b-4e9a-4c1f-a08c-cb789340b4b9",2,0,1,1,0
"uuid:1211208b-4e9a-4c1f-a08c-cb789340b4b9",3,0,1,1,1
"uuid:f1b90c91-c86c-453e-b5a3-8ccd9223de80",1,1,1,1,0
"uuid:f1b90c91-c86c-453e-b5a3-8ccd9223de80",2,1,1,1,1
"uuid:e2304d88-1c78-45d0-8827-9e700b6b1b77",1,0,1,1,0
"uuid:e2304d88-1c78-45d0-8827-9e700b6b1b77",2,0,1,1,0
"uuid:93f6df9e-fe55-4569-8cdf-019adfaf529d",1,0,1,0,1
"uuid:8f6e7d7b-d1cc-4d2e-a559-035b9198a061",1,0,1,0,1
"uuid:4d271971-d162-49f8-9ec0-18c111fc42c0",1,0,1,1,0
"uuid:f66bc568-c287-45f5-9448-75005cd9d3a0",1,1,1,1,0
"uuid:92bec9d3-8f1a-460b-85de-ae1c477f4267",1,0,1,1,0
"uuid:09367677-cb81-42b7-adf5-59c9678c10cf",1,0,1,1,0
"uuid:17c19c9a-494e-46eb-9cc8-da6d3a797ecf",1,0,1,0,0
"uuid:17c19c9a-494e-46eb-9cc8-da6d3a797ecf",2,0,1,0,0
"uuid:17c19c9a-494e-46eb-9cc8-da6d3a797ecf",3,0,1,0,0
"uuid:57a6d220-8eaf-4f34-91bb-9ad6ad4bd116",1,0,1,1,0
"uuid:57a6d220-8eaf-4f34-91bb-9ad6ad4bd116",2,0,1,1,0
"uuid:a6579078-9443-4a67-9501-7261389ec74b",1,0,1,0,0
"uuid:a6579078-9443-4a67-9501-7261389ec74b",2,0,1,0,0
"uuid:e2216cab-73ab-4adb-a755-310d1c9d6cac",1,0,1,1,0
"uuid:e2216cab-73ab-4adb-a755-310d1c9d6cac",2,0,1,1,0
"uuid:d0200e5f-e304-4ce5-a057-b75daa0f505f",1,0,1,1,0
"uuid:d0200e5f-e304-4ce5-a057-b75daa0f505f",2,0,1,1,0
"uuid:d0200e5f-e304-4ce5-a057-b75daa0f505f",3,0,1,1,0
"uuid:3614ca8f-5475-4cd3-91c7-28a719a989d0",1,1,1,1,0
"uuid:5619cccd-2d9d-4448-84bf-088151e25013",1,0,1,1,0
"uuid:83d32ea4-5a57-48a9-a4c4-c0eaf68c7cec",1,0,1,1,1
"uuid:24998ddc-0e29-4f7c-8da8-fc3d12167c23",1,1,1,1,0
"uuid:24998ddc-0e29-4f7c-8da8-fc3d12167c23",2,1,1,1,0
"uuid:aea4aeac-c521-4b86-98bb-1b56fdff5c84",1,1,1,1,1
"uuid:bc753c46-c684-4228-b75d-067081aa92ef",1,0,1,1,1
"uuid:008cf4cf-f817-4429-ad1e-8bbe5398dafa",1,1,1,,0
"uuid:008cf4cf-f817-4429-ad1e-8bbe5398dafa",2,1,1,,0
"uuid:88ec780f-d5c2-41d6-9382-f1d1fc611387",1,0,1,1,0
"uuid:88ec780f-d5c2-41d6-9382-f1d1fc611387",2,0,1,1,1
"uuid:a911773e-8ddd-4bb2-93b0-f94965368215",1,0,1,1,1
"uuid:a911773e-8ddd-4bb2-93b0-f94965368215",2,0,1,1,0
"uuid:a911773e-8ddd-4bb2-93b0-f94965368215",3,0,1,1,0
"uuid:24f06517-0bc1-48ac-b53b-af0213c7b1a4",1,0,1,1,0
"uuid:6e6cd656-32a0-4cdb-b69e-be8f0d86f2c1",1,1,1,1,0
"uuid:6e6cd656-32a0-4cdb-b69e-be8f0d86f2c1",2,1,1,1,1
"uuid:6e6cd656-32a0-4cdb-b69e-be8f0d86f2c1",3,1,1,1,0
"uuid:a6853f88-17d5-4477-8863-02444bb76772",1,0,1,1,0
"uuid:a6853f88-17d5-4477-8863-02444bb76772",2,0,1,1,0
"uuid:78864ce9-ec88-4645-be70-f5b80b33fdbe",1,1,1,1,0
"uuid:0aa530be-bd5a-4771-a1c8-79395f2c653a",1,1,1,1,1
"uuid:0884f7df-2a7d-4c7c-8e41-a8a7182e76c3",1,0,1,0,0
"uuid:7304e6cc-af21-4c61-b720-313524210b8d",1,1,1,0,0
"uuid:7540c854-4fa0-4a1a-a947-8f2d59d24643",1,1,1,1,0
"uuid:40dd3f69-a90b-4b9d-90ef-891c27a82b3d",1,1,1,1,0
"uuid:90a920c0-9e67-43a6-995b-34fdac961833",1,0,1,1,0
"uuid:90a920c0-9e67-43a6-995b-34fdac961833",2,0,1,1,1
"uuid:90a920c0-9e67-43a6-995b-34fdac961833",3,0,1,1,0
"uuid:817c14c7-567f-40ef-91dd-4e9f87b21f4a",1,0,1,0,0
"uuid:817c14c7-567f-40ef-91dd-4e9f87b21f4a",2,0,1,0,0
"uuid:817c14c7-567f-40ef-91dd-4e9f87b21f4a",3,0,1,0,0
"uuid:674a7fbf-8d28-4312-a365-f596a3ecfca4",1,0,1,0,0
"uuid:0e43921b-2616-4707-b7a0-2ebb26e9e8ea",1,1,1,1,0
"uuid:45fcd08a-9202-4aaf-af24-a988d0d186f7",1,1,1,1,0
"uuid:45fcd08a-9202-4aaf-af24-a988d0d186f7",2,1,1,1,0
"uuid:a1a5295e-f623-440f-a172-b99d3f96f9d1",1,1,1,0,1
"uuid:a1a5295e-f623-440f-a172-b99d3f96f9d1",2,1,1,0,1
"uuid:3872de2e-8546-42cb-9233-bcab5d32a930",1,1,1,0,1
"uuid:186dccdc-3337-435a-be81-5fa4bf3c07c3",1,0,1,1,1
"uuid:9120f85e-785a-461e-8659-788e62b7099c",1,0,1,1,0
"uuid:9120f85e-785a-461e-8659-788e62b7099c",2,0,1,1,0
"uuid:996e4742-2643-4989-8b44-e5dc747d9391",1,0,1,1,0
"uuid:996e4742-2643-4989-8b44-e5dc747d9391",2,0,1,1,0
"uuid:996e4742-2643-4989-8b44-e5dc747d9391",3,0,1,1,0
"uuid:b46b1ddc-854e-47c7-bfd6-2360a310acf8",1,1,1,1,1
"uuid:bd4389b8-464e-4c25-9eb5-81efb8167177",1,0,1,1,1
"uuid:bd4389b8-464e-4c25-9eb5-81efb8167177",2,0,1,1,1
"uuid:ec2f49cd-85c3-4630-970d-ee596932e471",1,0,1,0,0
"uuid:ec2f49cd-85c3-4630-970d-ee596932e471",2,0,1,0,0
"uuid:139cd647-e543-4abe-ad5b-e6ebc30d9726",1,0,1,0,0
"uuid:139cd647-e543-4abe-ad5b-e6ebc30d9726",2,0,1,0,0
"uuid:b5fef838-d9ee-4361-a32a-3f74be66dc29",1,0,1,1,0
"uuid:b5fef838-d9ee-4361-a32a-3f74be66dc29",2,0,1,1,0
"uuid:fe96a044-61dd-4afd-b9be-5ca09618ef84",1,0,1,1,0
"uuid:fe96a044-61dd-4afd-b9be-5ca09618ef84",2,0,1,1,0
"uuid:49ff75e7-1b9d-47a8-9244-48b4309ada23",1,0,1,1,0
"uuid:30ffb54d-aed6-49ea-8d29-4a1e9c972844",1,1,1,1,0
"uuid:3a74022b-e507-4155-844e-01ee766daa77",1,0,1,1,0
"uuid:727cc583-dd27-400a-9001-ecb2856d4b5a",1,0,1,0,1
"uuid:d8a0c582-2171-4efd-92f0-34da81cc1eda",1,0,1,0,0
"uuid:d8a0c582-2171-4efd-92f0-34da81cc1eda",2,0,1,0,1
"uuid:d8a0c582-2171-4efd-92f0-34da81cc1eda",3,0,1,0,0
"uuid:69b2d4bc-a602-425d-b815-3396ddb03881",1,0,1,1,0
"uuid:69b2d4bc-a602-425d-b815-3396ddb03881",2,0,1,1,1
"uuid:92d66a2f-2567-4e5a-b9df-ac1985b62207",1,0,1,0,0
"uuid:92d66a2f-2567-4e5a-b9df-ac1985b62207",2,0,1,0,0
"uuid:c8e8a816-f697-4455-9e4a-72e7edcb986c",1,0,1,1,0
"uuid:be26ca9a-0c5e-470d-a387-ddd9fbe4385f",1,0,1,0,0
"uuid:be26ca9a-0c5e-470d-a387-ddd9fbe4385f",2,0,1,0,0
"uuid:7d9f6f58-15be-4d93-8da4-8618f3160b3b",1,1,1,1,0
"uuid:7d9f6f58-15be-4d93-8da4-8618f3160b3b",2,1,1,1,0
"uuid:5d4de21e-a95d-4ab4-aad0-199cf61e9fb5",1,0,1,1,1
"uuid:5d4de21e-a95d-4ab4-aad0-199cf61e9fb5",2,0,1,1,0
"uuid:5d4de21e-a95d-4ab4-aad0-199cf61e9fb5",3,0,1,1,1
"uuid:f1acbd36-d424-4dae-abba-015de736faf3",1,0,1,0,0
"uuid:20a0b39b-30ab-4da1-b6a5-b2d710702e29",1,0,1,,0
"uuid:20a0b39b-30ab-4da1-b6a5-b2d710702e29",2,0,1,,1
"uuid:4966a659-58fd-4611-9d7d-5e63cd594c61",1,0,1,1,0
"uuid:4966a659-58fd-4611-9d7d-5e63cd594c61",2,0,1,1,0
"uuid:c327422b-9438-4c5d-a379-71f05571ad95",1,1,1,0,0
"uuid:c327422b-9438-4c5d-a379-71f05571ad95",2,1,1,0,0
"uuid:5fdda8ad-a7fb-4cc2-b917-71d76b679d4c",1,0,1,1,0
"uuid:5fdda8ad-a7fb-4cc2-b917-71d76b679d4c",2,0,1,1,0
"uuid:e2b63b20-0223-4c5a-b32b-e2cbac3878c0",1,0,1,0,0
"uuid:3369037c-a721-4b37-8986-a95b07185fae",1,0,1,1,0
"uuid:3369037c-a721-4b37-8986-a95b07185fae",2,0,1,1,1
"uuid:839a579b-a27f-47e2-8b12-c2ca2f5f319a",1,1,1,1,1
"uuid:093c9a67-bc7c-4360-8728-da0f5ac7b799",1,0,1,0,0
"uuid:093c9a67-bc7c-4360-8728-da0f5ac7b799",2,0,1,0,0
"uuid:093c9a67-bc7c-4360-8728-da0f5ac7b799",3,0,1,0,0
"uuid:f0b13796-8e31-4e2b-b25a-b7f8a6685ef5",1,0,1,0,0
"uuid:f0b13796-8e31-4e2b-b25a-b7f8a6685ef5",2,0,1,0,0
"uuid:26ceebd5-1240-405f-8719-8c2354e40264",1,1,1,0,0
"uuid:26ceebd5-1240-405f-8719-8c2354e40264",2,1,1,0,0
"uuid:e90e8b09-1dc9-437d-980e-9c99f91e0f7b",1,1,1,1,0
"uuid:e90e8b09-1dc9-437d-980e-9c99f91e0f7b",2,1,1,1,0
"uuid:e90e8b09-1dc9-437d-980e-9c99f91e0f7b",3,1,1,1,0
"uuid:244169f1-8235-43bd-907e-d00f397dacb8",1,0,1,0,0
"uuid:eeca140e-78ee-47aa-8eb0-4b9d6c83587f",1,0,1,1,0
"uuid:6954a6a4-7a91-4cab-ad14-8094b14a88e5",1,0,1,0,1
"uuid:6954a6a4-7a91-4cab-ad14-8094b14a88e5",2,0,1,0,0
"uuid:6954a6a4-7a91-4cab-ad14-8094b14a88e5",3,0,1,0,0
"uuid:e77a2bc3-f844-4a7d-81b9-57b4112aef1a",1,0,1,1,0
"uuid:e77a2bc3-f844-4a7d-81b9-57b4112aef1a",2,0,1,1,0
"uuid:998e91bf-59f8-4bdd-bc8d-331538ea80ee",1,0,1,0,1
"uuid:0e54a6b7-4b37-48c7-a415-cc2af0369dbe",1,1,1,0,0
"uuid:19d281c7-22e3-4cdc-ad96-52bc0ed6bd14",1,0,1,1,0
"uuid:ba3788d7-e2cf-431f-b2d4-3e9240085281",1,0,1,0,0
"uuid:c0f40c96-2363-4814-a4e6-6afbea18b9c2",1,1,1,1,0
"uuid:de7f1930-0599-47e7-b791-9cf1697db14c",1,0,1,1,0
"uuid:de7f1930-0599-47e7-b791-9cf1697db14c",2,0,1,1,0
"uuid:f6591da8-54eb-46d6-b95c-88ba8c5197b0",1,0,1,1,0
"uuid:f0cd68ff-1860-40ac-92c7-4cb1569e2388",1,0,1,1,0
"uuid:f0cd68ff-1860-40ac-92c7-4cb1569e2388",2,0,1,1,0
"uuid:d200172f-18c7-435a-9653-81ea32f7091d",1,0,1,1,1
"uuid:d200172f-18c7-435a-9653-81ea32f7091d",2,0,1,1,0
"uuid:5ca4bd03-11c7-42e0-b0f7-bd1749428e45",1,0,1,1,1
"uuid:5ca4bd03-11c7-42e0-b0f7-bd1749428e45",2,0,1,1,0
"uuid:5ca4bd03-11c7-42e0-b0f7-bd1749428e45",3,0,1,1,0
"uuid:1d8768c6-ba00-4ca8-bb69-17db2c8fbf29",1,0,1,1,0
"uuid:1d8768c6-ba00-4ca8-bb69-17db2c8fbf29",2,0,1,1,0
"uuid:438432c0-859d-447e-bc69-456a6a499de2",1,0,1,1,0
"uuid:6ea2ab37-c8c9-4d7d-9d7e-210d47bafba3",1,1,1,1,1
"uuid:6ea2ab37-c8c9-4d7d-9d7e-210d47bafba3",2,1,1,1,0
"uuid:e77f8382-ce85-43e1-ac18-7b07b7f001be",1,0,1,1,0
"uuid:e77f8382-ce85-43e1-ac18-7b07b7f001be",2,0,1,1,0
"uuid:213143b8-b743-40e4-9137-b444d3406061",1,0,1,0,0
"uuid:e52eb52d-7d40-460a-a4f0-443cc04d6406",1,1,1,1,0
"uuid:e52eb52d-7d40-460a-a4f0-443cc04d6406",2,1,1,1,0
"uuid:9e28247e-a1e2-4a9c-9be5-b39be71fd975",1,1,1,1,0
"uuid:9e28247e-a1e2-4a9c-9be5-b39be71fd975",2,1,1,1,1
"uuid:9e28247e-a1e2-4a9c-9be5-b39be71fd975",3,1,1,1,0
"uuid:c04fce5d-dd81-40e9-acec-fdd48005314a",1,1,1,1,1
"uuid:c04fce5d-dd81-40e9-acec-fdd48005314a",2,1,1,1,1
"uuid:33664a83-2b34-44ff-85c7-814923a18778",1,0,1,1,1
"uuid:23627d65-cfe0-488e-aa85-99b92d55603a",1,1,1,1,0
"uuid:0d77e48b-6a5f-490f-aae9-85d42b51fa9b",1,0,1,0,0
"uuid:0d77e48b-6a5f-490f-aae9-85d42b51fa9b",2,0,1,0,1
"uuid:f6db1bce-8bb0-45be-ba8e-cc04b9e01ab5",1,0,1,1,0
"uuid:939e124e-ee18-4d54-91e8-c7a56d2138c8",1,0,1,1,1
"uuid:f3f2999c-2e7a-4425-a8e0-f4b5f3ae3bc6",1,0,1,1,1
"uuid:f3f2999c-2e7a-4425-a8e0-f4b5f3ae3bc6",2,0,1,1,0
"uuid:903f49dc-d1e6-429e-914e-c518b8d37ca6",1,1,1,1,0
"uuid:ffdbf053-989b-48a0-aba4-78df8893856f",1,1,1,1,0
"uuid:ffdbf053-989b-48a0-aba4-78df8893856f",2,1,1,1,0
"uuid:369d6528-ffca-4ffc-86b0-b496c860a942",1,0,1,1,0
"uuid:a7dc0928-bf2b-4c1a-b29b-26d1597d8fec",1,0,1,0,0
"uuid:a7dc0928-bf2b-4c1a-b29b-26d1597d8fec",2,0,1,0,1
"uuid:a7dc0928-bf2b-4c1a-b29b-26d1597d8fec",3,0,1,0,0
"uuid:383abe29-be90-4dd0-8f3c-8813c713f0df",1,1,1,0,0
"uuid:383abe29-be90-4dd0-8f3c-8813c713f0df",2,1,1,0,0
"uuid:383abe29-be90-4dd0-8f3c-8813c713f0df",3,1,1,0,1
"uuid:8ef1467e-9f8a-44df-a431-66de6eea8c44",1,0,1,0,0
"uuid:8ef1467e-9f8a-44df-a431-66de6eea8c44",2,0,1,0,0
"uuid:f7539dfa-5cf1-4d7a-bd29-5fe3de30af0a",1,1,1,1,0
"uuid:ea06f4a6-2910-499a-b21b-5d1325347b39",1,0,1,1,1
"uuid:e4a2d105-c7f9-4009-82a4-4fcefddaa1b4",1,0,1,1,1
"uuid:cc3ad6f5-d721-4bee-9a53-7ff783091c61",1,1,1,0,0
"uuid:cc3ad6f5-d721-4bee-9a53-7ff783091c61",2,1,1,0,0
"uuid:dbdc98d3-b43d-42e6-9dc9-e0506e02da6d",1,0,1,1,0
"uuid:dbdc98d3-b43d-42e6-9dc9-e0506e02da6d",2,0,1,1,0
"uuid:6602be1a-8910-401f-abe1-7a90e0812092",1,0,1,1,0
"uuid:6602be1a-8910-401f-abe1-7a90e0812092",2,0,1,1,1
"uuid:940ff8b1-f249-4a20-a4b2-4f615860590d",1,0,1,0,0
"uuid:14529d00-31ed-4329-b46b-561cd13cd2b0",1,0,1,0,0
"uuid:b9d18150-b796-47b1-beb6-6eb933128752",1,1,1,1,0
"uuid:b9d18150-b796-47b1-beb6-6eb933128752",2,1,1,1,0
"uuid:490cb162-9aba-41bf-9d28-85213c795bd4",1,0,1,1,0
"uuid:4e2a31db-06bd-42e3-bf2d-3dc8283928ed",1,1,1,1,0
"uuid:4e2a31db-06bd-42e3-bf2d-3dc8283928ed",2,1,1,1,0
"uuid:85e61ba8-e405-486d-a834-9422eb5056b8",1,1,1,1,0
"uuid:85e61ba8-e405-486d-a834-9422eb5056b8",2,1,1,1,1
"uuid:c6cb5d21-7e8e-4ca2-b8a5-60505404aeed",1,1,1,1,0
"uuid:f1aefbf1-d48f-466a-a179-421639584ca1",1,0,1,1,0
"uuid:2a283d60-669f-4c89-894e-5a84f203d9c2",1,0,1,1,0
"uuid:2a283d60-669f-4c89-894e-5a84f203d9c2",2,0,1,1,0
"uuid:2a283d60-669f-4c89-894e-5a84f203d9c2",3,0,1,1,1
"uuid:d7987967-9e59-4954-8591-c4d0b723ff39",1,0,1,1,0
"uuid:54892737-7415-4cd9-ae85-701d42039130",1,0,1,1,0
"uuid:54892737-7415-4cd9-ae85-701d42039130",2,0,1,1,0
"uuid:42d0e975-d4a8-44b4-9657-aa4c3dfbe218",1,0,1,0,1
"uuid:b9db9783-50d5-4c51-8743-6e0beffd9de1",1,0,1,1,0
"uuid:b9db9783-50d5-4c51-8743-6e0beffd9de1",2,0,1,1,0
"uuid:c95ccc97-3f0b-4d41-b86b-a7cbe702d558",1,1,1,1,1
"uuid:9eedf063-229a-4963-82e6-bb14e079009f",1,0,1,1,0
"uuid:9eedf063-229a-4963-82e6-bb14e079009f",2,0,1,1,0
"uuid:f15080fe-af62-43b5-9924-1d9841c0428e",1,0,1,1,0
"uuid:f15080fe-af62-43b5-9924-1d9841c0428e",2,0,1,1,0
"uuid:f15080fe-af62-43b5-9924-1d9841c0428e",3,0,1,1,1
"uuid:4ab37040-95a9-46c3-bbd8-8cf8b39733e2",1,0,1,0,0
"uuid:8302f639-b6c0-47ed-9da0-c0a660e89460",1,0,1,0,1
"uuid:e2298620-a47a-48d4-99d0-a78473960efe",1,1,1,1,0
"uuid:da1d4b39-86ff-4e65-9380-acdeef652aad",1,0,1,1,1
"uuid:aa46bdea-0acc-4bce-b339-3c9e26e90176",1,0,1,0,0
"uuid:597f81c5-def3-4534-a292-37e839fe75a4",1,0,1,1,0
"uuid:0e0ec581-acfe-4220-8b0d-58e9aafa496e",1,1,1,0,1
"uuid:0e0ec581-acfe-4220-8b0d-58e9aafa496e",2,1,1,0,1
"uuid:0e0ec581-acfe-4220-8b0d-58e9aafa496e",3,1,1,0,0
"uuid:eccfbe20-0d24-4191-90ad-11a608861b36",1,0,1,1,0
"uuid:eccfbe20-0d24-4191-90ad-11a608861b36",2,0,1,1,0
"uuid:eccfbe20-0d24-4191-90ad-11a608861b36",3,0,1,1,0
"uuid:ab924f0e-aaed-483e-86e7-98aafcdc7151",1,0,1,1,0
"uuid:1e2af1aa-057f-40dd-a827-1db063ce673a",1,1,1,1,1
"uuid:1e2af1aa-057f-40dd-a827-1db063ce673a",2,1,1,1,0
"uuid:1e2af1aa-057f-40dd-a827-1db063ce673a",3,1,1,1,0
"uuid:ce784f10-5135-44ec-827e-d095044f95be",1,0,1,1,0
"uuid:d6a758e9-6eec-41b3-a8ff-b7425b819f99",1,0,1,1,0
"uuid:d6a758e9-6eec-41b3-a8ff-b7425b819f99",2,0,1,1,0
"uuid:d6a758e9-6eec-41b3-a8ff-b7425b819f99",3,0,1,1,0
"uuid:55ce2b84-03bd-40bc-82d0-416a164cccf9",1,0,1,1,0
"uuid:889d04e9-611e-490d-b697-ac3afc0af10a",1,1,1,1,0
"uuid:7ba4dc10-f714-48f2-a746-ac3a37260099",1,0,1,1,1
"uuid:7ba4dc10-f714-48f2-a746-ac3a37260099",2,0,1,1,1
"uuid:6c10a2fb-7ecb-48d1-a201-833ac2a8ad46",1,0,1,0,1
"uuid:035891d6-e368-44ab-9681-b1689808b89a",1,0,1,0,0
"uuid:035891d6-e368-44ab-9681-b1689808b89a",2,0,1,0,0
"uuid:035891d6-e368-44ab-9681-b1689808b89a",3,0,1,0,0
"uuid:df7b2a38-3ed9-43ea-8eea-f7d8cbef6e6c",1,0,1,0,0
"uuid:b237e421-71a3-461b-819e-336f7c9ba1c4",1,1,1,1,1
"uuid:b237e421-71a3-461b-819e-336f7c9ba1c4",2,1,1,1,0
"uuid:b237e421-71a3-461b-819e-336f7c9ba1c4",3,1,1,1,0
"uuid:518900f1-532a-4f31-a3c5-9870add9ad0c",1,0,1,1,0
"uuid:c490f1aa-2ca0-448e-9f72-84816dd006c0",1,0,1,1,0
"uuid:c490f1aa-2ca0-448e-9f72-84816dd006c0",2,0,1,1,0
"uuid:c490f1aa-2ca0-448e-9f72-84816dd006c0",3,0,1,1,0
"uuid:91052f7c-e759-465e-8f9c-b6cd9bd3d6af",1,0,1,1,0
"uuid:91052f7c-e759-465e-8f9c-b6cd9bd3d6af",2,0,1,1,1
"uuid:2769efff-4b8d-4da2-901e-6c7eab5d5255",1,0,1,0,0
"uuid:2769efff-4b8d-4da2-901e-6c7eab5d5255",2,0,1,0,1
"uuid:c73df777-f9e9-48cb-9aae-f7f8c0bd3fc3",1,0,1,1,0
"uuid:c73df777-f9e9-48cb-9aae-f7f8c0bd3fc3",2,0,1,1,0
"uuid:9059ae29-bb6b-49f5-b8f9-e8c5302e4736",1,0,1,1,0
"uuid:37125546-6476-4d84-8099-72171dd0a8a8",1,0,1,1,0
"uuid:9a8991b7-d074-4830-85ac-546a104568e3",1,1,1,0,0
"uuid:9a8991b7-d074-4830-85ac-546a104568e3",2,1,1,0,1
"uuid:24df25f4-cd17-4882-ba7e-5245f998bb1d",1,1,1,0,0
"uuid:24df25f4-cd17-4882-ba7e-5245f998bb1d",2,1,1,0,0
"uuid:24df25f4-cd17-4882-ba7e-5245f998bb1d",3,1,1,0,0
"uuid:19655857-af03-40c9-a27f-7ac188fcf0bc",1,0,1,0,0
"uuid:19655857-af03-40c9-a27f-7ac188fcf0bc",2,0,1,0,0
"uuid:19655857-af03-40c9-a27f-7ac188fcf0bc",3,0,1,0,1
"uuid:13556874-5418-42ad-a2a3-21136a5869e2",1,0,1,1,0
"uuid:4d0d82ed-02d6-476e-815e-cdd469462196",1,0,1,1,1
"uuid:4d0d82ed-02d6-476e-815e-cdd469462196",2,0,1,1,0
"uuid:eff0eaf4-75ca-4395-b501-fd0f88338f5b",1,1,1,1,0
"uuid:bd371ca8-e046-418b-829b-928876f9340a",1,1,1,1,0
"uuid:bd371ca8-e046-418b-829b-928876f9340a",2,1,1,1,1
"uuid:bd371ca8-e046-418b-829b-928876f9340a",3,1,1,1,0
"uuid:e676009e-4948-4128-96fd-c8f6fbc34b11",1,0,1,0,0
"uuid:e676009e-4948-4128-96fd-c8f6fbc34b11",2,0,1,0,0
"uuid:46ad79bb-6107-44b5-95b8-809a8fd226ca",1,1,1,1,1
"uuid:46ad79bb-6107-44b5-95b8-809a8fd226ca",2,1,1,1,0
"uuid:bea067fe-1f60-4378-b9b8-606be9102ba3",1,1,1,0,1
"uuid:d1889ee0-2c28-40d0-871a-4e1b5d088068",1,0,1,0,0
"uuid:8533ba17-2863-4b8b-acee-3fcf262829c1",1,0,1,1,0
"uuid:23c6d63b-79ea-4f21-b703-4268afcb72e8",1,1,1,1,0
"uuid:b3efff61-fda3-4f05-b31d-3cffb9310c5e",1,0,1,1,0
"uuid:b3efff61-fda3-4f05-b31d-3cffb9310c5e",2,0,1,1,0
"uuid:b3efff61-fda3-4f05-b31d-3cffb9310c5e",3,0,1,1,0
"uuid:b399b692-c1c0-4f28-80ff-86b9a1a797ff",1,1,1,1,0
"uuid:b399b692-c1c0-4f28-80ff-86b9a1a797ff",2,1,1,1,0
"uuid:bba02c3c-617d-446c-81c0-f6f47e09d8bd",1,1,1,0,1
"uuid:2c31d30e-a4b7-438b-9c9d-7991ea36b260",1,1,1,1,0
"uuid:bd72c9cb-4252-4371-b0c3-fcf1c33bd62f",1,1,1,1,0
"uuid:bd72c9cb-4252-4371-b0c3-fcf1c33bd62f",2,1,1,1,0
"uuid:1fa57c4a-2b96-487c-b630-6fb74878f2a4",1,0,1,1,0
"uuid:1fa57c4a-2b96-487c-b630-6fb74878f2a4",2,0,1,1,0
"uuid:9bc153c2-6909-401b-84d4-365012c201c1",1,0,1,1,0
"uuid:9bc153c2-6909-401b-84d4-365012c201c1",2,0,1,1,1
"uuid:a58aa3e7-1a9f-451d-ab7d-369b2600de9e",1,1,1,1,0
"uuid:a58aa3e7-1a9f-451d-ab7d-369b2600de9e",2,1,1,1,1
"uuid:a58aa3e7-1a9f-451d-ab7d-369b2600de9e",3,1,1,1,1
"uuid:084c3770-f3dd-48c4-8189-fe8cc6f0aff8",1,0,1,1,0
"uuid:084c3770-f3dd-48c4-8189-fe8cc6f0aff8",2,0,1,1,0
"uuid:30e15faa-cec3-4484-9ea9-f0d293d094fe",1,0,1,1,0
"uuid:9ce5eed2-3311-438a-956d-c4c762336e6e",1,1,1,0,0
"uuid:d22c660a-3ca6-4739-be47-7ff3c9518f0f",1,1,1,1,0
"uuid:407dca7a-189b-4706-b7c4-2ab4263f7e17",1,0,1,0,0
"uuid:eb89616c-b57e-4a4f-877e-a400a9c36109",1,0,1,0,1
"uuid:9e226861-5174-4eff-a870-153ba50f62c5",1,0,1,,0
"uuid:9e226861-5174-4eff-a870-153ba50f62c5",2,0,1,,0
"uuid:9e226861-5174-4eff-a870-153ba50f62c5",3,0,1,,0
"uuid:aabc7197-97dd-454a-b97b-b31af1b6e214",1,0,1,1,0
"uuid:045218d5-dae5-46f8-b581-5833f26a43d5",1,1,1,1,0
"uuid:045218d5-dae5-46f8-b581-5833f26a43d5",2,1,1,1,1
"uuid:5ee7267d-4b69-48c2-808e-11ae7310e0b8",1,0,1,1,0
"uuid:97ba3732-1f72-4981-b838-cbc34fba5871",1,0,1,1,0
"uuid:9869fb30-9ea2-44fe-9f5e-e9145ade0c56",1,1,1,1,1
"uuid:9869fb30-9ea2-44fe-9f5e-e9145ade0c56",2,1,1,1,1
"uuid:e4b8cbb6-3d76-45f9-b8bd-8511d3e574f0",1,0,1,1,0
"uuid:e4b8cbb6-3d76-45f9-b8bd-8511d3e574f0",2,0,1,1,0
"uuid:e4b8cbb6-3d76-45f9-b8bd-8511d3e574f0",3,0,1,1,0
"uuid:dae80726-da37-4d6f-9d1c-be9890484b90",1,0,1,1,0
"uuid:79f1fee3-918a-47c9-a065-e0c9fa187933",1,0,1,1,1
"uuid:79f1fee3-918a-47c9-a065-e0c9fa187933",2,0,1,1,0
"uuid:79f1fee3-918a-47c9-a065-e0c9fa187933",3,0,1,1,1
"uuid:d778d628-d67a-4dc3-a2d7-d8382160b702",1,1,1,0,0
"uuid:454df818-ce25-452f-9964-a4f3bd7f4919",1,0,1,0,1
"uuid:454df818-ce25-452f-9964-a4f3bd7f4919",2,0,1,0,0
"uuid:ca082ac7-d03b-49b4-816d-d59194c031d6",1,1,1,0,0
"uuid:ca082ac7-d03b-49b4-816d-d59194c031d6",2,1,1,0,0
"uuid:8f6b2326-c987-4abb-8a6a-090135345d0b",1,0,1,1,0
"uuid:8f6b2326-c987-4abb-8a6a-090135345d0b",2,0,1,1,0
"uuid:1d80256b-67ca-4225-87b3-99045ef36f9f",1,0,1,1,0
"uuid:f1e917a5-f6da-446e-ae4b-3a623ad5a3d5",1,1,1,1,1
"uuid:f1e917a5-f6da-446e-ae4b-3a623ad5a3d5",2,1,1,1,0
"uuid:f1e917a5-f6da-446e-ae4b-3a623ad5a3d5",3,1,1,1,0
"uuid:ec4f6608-9633-4e01-930d-adc29e26f57f",1,0,1,0,0
"uuid:01cb61de-3a87-4b47-a067-f7b7edfd8eb7",1,1,1,1,0
"uuid:01cb61de-3a87-4b47-a067-f7b7edfd8eb7",2,1,1,1,0
"uuid:c66f3bfc-41e5-449e-ace6-7fd713605b2b",1,0,1,0,1
"uuid:c66f3bfc-41e5-449e-ace6-7fd713605b2b",2,0,1,0,0
"uuid:c66f3bfc-41e5-449e-ace6-7fd713605b2b",3,0,1,0,0
"uuid:8cd825d5-9478-4d26-a84c-d4d8827399a2",1,0,1,1,0
"uuid:56776bb9-6af3-4c1c-a2f8-e021f47efcdd",1,0,1,0,1
"uuid:56776bb9-6af3-4c1c-a2f8-e021f47efcdd",2,0,1,0,0
"uuid:12953c4b-e3da-4c4a-b39a-ed9fb6a0bb14",1,0,1,1,0
"uuid:067b1693-efbd-438a-8f20-49f59478d6bc",1,0,1,0,0
"uuid:067b1693-efbd-438a-8f20-49f59478d6bc",2,0,1,0,0
"uuid:e647e4e3-e79a-4f44-af71-43eb116de01d",1,1,1,1,1
"uuid:e647e4e3-e79a-4f44-af71-43eb116de01d",2,1,1,1,0
"uuid:286c4a50-6c06-4b8c-876f-8408b97d8d3e",1,1,1,0,1
"uuid:89d05d15-5aa7-4adc-a9d2-58bb9d85c807",1,0,1,1,0
"uuid:44fef0d8-b539-4d11-84c7-5983ca1a1532",1,1,1,1,0
"uuid:44fef0d8-b539-4d11-84c7-5983ca1a1532",2,1,1,1,0
"uuid:28db8230-37a7-40f4-8902-029cff6a9393",1,1,1,0,0
"uuid:28db8230-37a7-40f4-8902-029cff6a9393",2,1,1,0,0
"uuid:a538a4b3-8046-4eb8-b8ce-a519e2430598",1,0,1,1,0
"uuid:ff376ae2-228b-43a3-a7d0-38299cdab57e",1,0,1,0,1
"uuid:793377d5-61e0-4ce4-9a17-94cbfab3ca3e",1,0,1,1,0
"uuid:23ec5df8-1972-4a26-b42b-76893287c7af",1,0,1,1,0
"uuid:23ec5df8-1972-4a26-b42b-76893287c7af",2,0,1,1,0
"uuid:c93fee2a-a7cf-4dd1-919d-115a6a96a1a7",1,1,1,1,0
"uuid:29b8c572-6d33-4425-8332-ed5e26383aaa",1,1,1,0,0
"uuid:b7aef668-de7a-4d1c-947f-8e2e692ec511",1,1,1,1,0
"uuid:f29fb627-37b1-4267-bea3-12a3b32a7fd9",1,1,1,1,0
"uuid:f29fb627-37b1-4267-bea3-12a3b32a7fd9",2,1,1,1,0
"uuid:67f6e373-a39a-469e-8b18-d28f781ba0d6",1,1,1,0,0
"uuid:1e72a833-5fcf-4bce-9be7-33c1d3475430",1,0,1,1,1
"uuid:75fcf5c1-372b-4230-ae04-358f28433489",1,1,1,1,0
"uuid:75fcf5c1-372b-4230-ae04-358f28433489",2,1,1,1,0
"uuid:62f017ab-c740-4b3c-9fcc-04d0f1f52bc4",1,1,1,0,0
"uuid:da91466d-eb36-45f0-8eb2-07f8cfb245e4",1,1,1,1,1
"uuid:55531c2c-34b2-4830-9c82-eee241d06fcd",1,0,1,1,0
"uuid:55531c2c-34b2-4830-9c82-eee241d06fcd",2,0,1,1,0
"uuid:55531c2c-34b2-4830-9c82-eee241d06fcd",3,0,1,1,0
"uuid:a83b797f-2915-48a0-8990-5c9036433f83",1,0,1,1,0
"uuid:a83b797f-2915-48a0-8990-5c9036433f83",2,0,1,1,0
"uuid:87549152-16b6-4686-ba31-b97e66b9e720",1,0,1,1,0
"uuid:87549152-16b6-4686-ba31-b97e66b9e720",2,0,1,1,1
"uuid:2c6fb906-b6f5-4bde-a91d-72a316f328fb",1,0,1,1,1
"uuid:2c6fb906-b6f5-4bde-a91d-72a316f328fb",2,0,1,1,0
"uuid:81a1312c-db65-4d93-8198-81d5a1edde40",1,0,1,1,0
"uuid:81a1312c-db65-4d93-8198-81d5a1edde40",2,0,1,1,1
"uuid:81a1312c-db65-4d93-8198-81d5a1edde40",3,0,1,1,0
"uuid:67f8df33-75d0-48ac-8b36-500b52efaf66",1,0,1,1,0
"uuid:67f8df33-75d0-48ac-8b36-500b52efaf66",2,0,1,1,0
"uuid:67f8df33-75d0-48ac-8b36-500b52efaf66",3,0,1,1,0
"uuid:bd725c29-0e6d-4ec4-87f6-1d44e913a522",1,0,1,1,1
"uuid:778a1d79-20d0-4438-9d20-13354d9721c0",1,0,1,1,0
"uuid:a6f57b7f-73ed-4d67-87ba-fb1165a33dc1",1,1,1,0,1
"uuid:96595a77-9d4d-4349-8065-e436acd32127",1,0,1,1,0
"uuid:90f968c9-3df9-4df1-b18a-c0c164c31846",1,0,1,1,0
"uuid:90f968c9-3df9-4df1-b18a-c0c164c31846",2,0,1,1,0
"uuid:ad2f3140-8bf3-4b06-a0ef-1b97e78ebeb3",1,0,1,1,1
"uuid:b7cff28d-1495-4670-9620-ed26e1fdcdeb",1,0,1,1,0
"uuid:b7cff28d-1495-4670-9620-ed26e1fdcdeb",2,0,1,1,1
"uuid:b7cff28d-1495-4670-9620-ed26e1fdcdeb",3,0,1,1,0
"uuid:5e0dd63c-967f-4556-b5a2-eba04aa57776",1,0,1,0,0
"uuid:5e0dd63c-967f-4556-b5a2-eba04aa57776",2,0,1,0,0
"uuid:dbe5c912-2804-4dc7-95aa-39a434bd7285",1,0,1,1,0
"uuid:dbe5c912-2804-4dc7-95aa-39a434bd7285",2,0,1,1,1
"uuid:427b2c76-30be-4859-89ee-8c40a397b182",1,1,1,1,0
"uuid:427b2c76-30be-4859-89ee-8c40a397b182",2,1,1,1,0
"uuid:427b2c76-30be-4859-89ee-8c40a397b182",3,1,1,1,0
"uuid:f4924f53-cc6a-439c-a932-cde1ae0be4bf",1,0,1,0,1
"uuid:04762b91-858c-47be-9e14-8ea0d674eea6",1,0,1,1,0
"uuid:04762b91-858c-47be-9e14-8ea0d674eea6",2,0,1,1,0
"uuid:04762b91-858c-47be-9e14-8ea0d674eea6",3,0,1,1,0
"uuid:efe0259a-3c4e-4415-8c66-8a263f4362ca",1,1,1,1,0
"uuid:efe0259a-3c4e-4415-8c66-8a263f4362ca",2,1,1,1,0
"uuid:70e3882a-b770-4e0a-959a-81b38d584c1e",1,0,1,1,0
"uuid:70e3882a-b770-4e0a-959a-81b38d584c1e",2,0,1,1,0
"uuid:50a40d67-dfe6-40b0-bf11-43682f9f6e94",1,0,1,1,0
"uuid:50a40d67-dfe6-40b0-bf11-43682f9f6e94",2,0,1,1,1
"uuid:ec736026-839b-40e4-99d6-3eb505591252",1,0,1,1,0
"uuid:5676beca-36c4-4819-806a-c116bbfbf871",1,0,1,1,0
"uuid:ba0351f9-ba24-44df-9dae-11f441032f01",1,1,1,0,0
"uuid:125c10e9-f8fb-4c0e-8d09-b315eae8ea90",1,1,1,1,0
"uuid:125c10e9-f8fb-4c0e-8d09-b315eae8ea90",2,1,1,1,0
"uuid:8ac199e1-8969-4fd2-8386-aae76504aad2",1,1,1,1,1
"uuid:47368ee5-75b0-434a-8c35-b43159a1471f",1,1,1,0,0
"uuid:4af9dd0c-2d13-4a75-ac5d-27426d8ba39c",1,1,1,1,0
"uuid:4af9dd0c-2d13-4a75-ac5d-27426d8ba39c",2,1,1,1,1
"uuid:e8e0c18d-a74c-4a0b-8261-277e54322dc9",1,0,1,0,0
"uuid:33ce4b51-0430-40b0-95ab-c6a4dd53be7e",1,0,1,0,0
"uuid:7c8042b9-7a3c-4ead-b62c-8fa2da0db6ba",1,1,1,0,0
"uuid:4ea1e6f1-1e41-46b3-bccc-de55255a17e2",1,0,1,0,0
"uuid:84fe07b5-c43d-4c91-9e4f-5a8dda00d2d5",1,0,1,1,1
"uuid:58c40f44-1a7b-4812-ac34-a616cd9f8ca5",1,0,1,0,0
"uuid:58c40f44-1a7b-4812-ac34-a616cd9f8ca5",2,0,1,0,0
"uuid:58c40f44-1a7b-4812-ac34-a616cd9f8ca5",3,0,1,0,0
"uuid:c594f944-0dc6-4f13-84e6-af996b418caa",1,0,1,0,0
"uuid:c594f944-0dc6-4f13-84e6-af996b418caa",2,0,1,0,0
"uuid:c594f944-0dc6-4f13-84e6-af996b418caa",3,0,1,0,0
"uuid:45f8a02b-16a8-461c-b406-33005b28459a",1,1,1,1,0
"uuid:45f8a02b-16a8-461c-b406-33005b28459a",2,1,1,1,0
"uuid:02cf4872-aac6-43d0-b25e-d4f09790310a",1,1,1,1,0
"uuid:02cf4872-aac6-43d0-b25e-d4f09790310a",2,1,1,1,1
"uuid:02cf4872-aac6-43d0-b25e-d4f09790310a",3,1,1,1,0
"uuid:196d887a-108e-42c2-8a03-09acfda783f3",1,1,1,0,0
"uuid:5270b98e-88aa-4027-99be-fdd135dffc96",1,0,1,1,0
"uuid:5270b98e-88aa-4027-99be-fdd135dffc96",2,0,1,1,0
"uuid:beb34458-7792-4b46-8308-3fee8d624bbc",1,0,1,1,0
"uuid:f6fc26b7-5ec4-4f6e-924d-bd4efe0b1ff6",1,1,1,1,0
"uuid:cf1051f0-70d6-4af4-b622-2d1549d6b20c",1,0,1,1,0
"uuid:cf1051f0-70d6-4af4-b622-2d1549d6b20c",2,0,1,1,0
"uuid:0763806c-20a9-41f6-ad99-843ec2f09724",1,1,1,1,0
"uuid:0763806c-20a9-41f6-ad99-843ec2f09724",2,1,1,1,0
"uuid:0763806c-20a9-41f6-ad99-843ec2f09724",3,1,1,1,0
"uuid:036aa139-4cec-428b-a67f-4ada68e895ae",1,1,1,1,0
"uuid:036aa139-4cec-428b-a67f-4ada68e895ae",2,1,1,1,0
"uuid:bb1d8281-c3b2-43e8-8fbe-8c3aac524743",1,1,1,0,1
"uuid:80240ae9-c39d-4643-937a-b3f4146128e6",1,0,1,0,0
"uuid:80240ae9-c39d-4643-937a-b3f4146128e6",2,0,1,0,0
"uuid:67de3e1f-446c-48ac-88c2-2cbcf3de1139",1,1,1,0,1
"uuid:67de3e1f-446c-48ac-88c2-2cbcf3de1139",2,1,1,0,0
"uuid:67de3e1f-446c-48ac-88c2-2cbcf3de1139",3,1,1,0,0
"uuid:7df297a5-366c-4078-b94c-41e3cb1abed0",1,0,1,1,0
"uuid:ab251962-f4a0-40b9-ba9b-6dfa5554c578",1,1,1,1,0
"uuid:8cb490b2-91eb-4759-af7d-ca0e46a5e711",1,0,1,0,0
"uuid:88d6376b-ddd7-4448-9fe4-b1fd7298904f",1,1,1,1,0
"uuid:88d6376b-ddd7-4448-9fe4-b1fd7298904f",2,1,1,1,0
"uuid:a94d38d6-5cbc-45f2-b576-31cd4614052c",1,1,1,1,0
"uuid:b37a499a-dcb4-4299-a316-59582589e294",1,0,1,1,0
"uuid:422c7529-ed9e-4c91-aac2-a06215501c3d",1,0,1,0,0
"uuid:422c7529-ed9e-4c91-aac2-a06215501c3d",2,0,1,0,0
"uuid:a00a5366-801a-495c-b24d-c602dab61f1b",1,0,1,1,1
"uuid:a00a5366-801a-495c-b24d-c602dab61f1b",2,0,1,1,1
"uuid:5693af12-8cb1-49e7-be8e-17f2510e81a7",1,1,1,0,0
"uuid:cf3e0b0b-c907-4157-9f09-e4901d3a77b6",1,1,1,1,0
"uuid:e132d69c-63f4-4195-a9c6-455d857b821a",1,0,1,1,0
"uuid:e132d69c-63f4-4195-a9c6-455d857b821a",2,0,1,1,0
"uuid:e132d69c-63f4-4195-a9c6-455d857b821a",3,0,1,1,0
"uuid:65447f0b-e399-4288-8c7f-33b58810763c",1,0,1,1,0
"uuid:65447f0b-e399-4288-8c7f-33b58810763c",2,0,1,1,1
"uuid:d47a325d-0394-412e-807f-3e89ff73581e",1,0,1,0,0
"uuid:f88ff2ac-0a55-42c2-b9d1-7508b952d149",1,0,1,1,0
"uuid:2b68d2fc-2fd5-425c-8fdf-51bb514a9754",1,0,1,1,0
"uuid:8b632589-7804-4c66-9f37-e51422bc3f1c",1,1,1,1,0
"uuid:8b632589-7804-4c66-9f37-e51422bc3f1c",2,1,1,1,1
"uuid:8b632589-7804-4c66-9f37-e51422bc3f1c",3,1,1,1,1
"uuid:47a3d625-11df-4cea-9553-ca88e47304ac",1,1,1,0,0
"uuid:94a89fcf-f64a-4bce-82d7-da7f17313bd3",1,0,1,1,0
"uuid:94a89fcf-f64a-4bce-82d7-da7f17313bd3",2,0,1,1,0
"uuid:4917ce0d-e9ab-4fbe-b4e1-842a52d397db",1,0,1,,1
"uuid:c5b8921e-03d0-461d-b554-c302a5355b7f",1,1,1,1,0
"uuid:f962e884-f62e-4a58-b3ac-b5f1ffe4c6f9",1,1,1,1,0
"uuid:12c13313-18cd-43b0-84d6-f090d9bafd06",1,1,1,0,0
"uuid:12c13313-18cd-43b0-84d6-f090d9bafd06",2,1,1,0,0
"uuid:b29722dd-1f79-443f-9bcf-bdf2d9c547bb",1,0,1,1,0
"uuid:7827717d-598e-4f1f-ad72-279b43439f1b",1,0,1,1,0
"uuid:7827717d-598e-4f1f-ad72-279b43439f1b",2,0,1,1,1
"uuid:da262338-4671-417a-83e7-0a9f67865792",1,1,1,0,0
"uuid:ebf71166-55fa-42d6-b2bf-3ab4a8990ecd",1,0,1,0,1
"uuid:ebf71166-55fa-42d6-b2bf-3ab4a8990ecd",2,0,1,0,0
"uuid:86906cbf-2296-4ded-a8d1-53a2eab6a113",1,0,1,1,0
"uuid:2c4c0b3c-b192-44ab-8231-2053b4eba53a",1,0,1,1,1
"uuid:d07a8ce8-7950-439e-9cbd-cd3aca77d46f",1,1,1,1,1
"uuid:2ef8422d-fb05-48b3-a55e-72a4de02fa37",1,0,1,1,0
"uuid:2ef8422d-fb05-48b3-a55e-72a4de02fa37",2,0,1,1,0
"uuid:8c443b80-5225-4056-ae17-84d61168737a",1,1,1,1,1
"uuid:9445e49a-603d-4eb0-a86e-75ce096267b5",1,0,1,1,0
"uuid:9445e49a-603d-4eb0-a86e-75ce096267b5",2,0,1,1,0
"uuid:91daf20c-bd05-46bc-80e0-35d38f750b3a",1,0,1,1,0
"uuid:9e17a79a-a061-41c0-ab71-ce656ad2c10f",1,0,1,1,0
"uuid:95a7e6f7-ffd2-41d2-b9ba-094aa7f3bca0",1,0,1,1,0
"uuid:95a7e6f7-ffd2-41d2-b9ba-094aa7f3bca0",2,0,1,1,0
"uuid:158b9535-e639-4812-930c-9daedbcd7478",1,1,1,1,0
"uuid:a32aa63e-d9b5-46ff-beab-b98e557f9a09",1,0,1,0,1
"uuid:a32aa63e-d9b5-46ff-beab-b98e557f9a09",2,0,1,0,1
"uuid:cc4599e6-824b-4dec-8e1e-74a7979d746d",1,1,1,1,0
"uuid:ddbaeea8-43eb-4d58-9b02-6babc300ea47",1,1,1,1,0
"uuid:8887028c-ca13-4644-ba68-e1b811d5f4fc",1,1,1,1,0
"uuid:8887028c-ca13-4644-ba68-e1b811d5f4fc",2,1,1,1,1
"uuid:7565ffdc-e6b6-4a06-8644-08c017c0ec49",1,1,1,1,0
"uuid:7565ffdc-e6b6-4a06-8644-08c017c0ec49",2,1,1,1,1
"uuid:525abf43-b771-48c0-8303-b8819f0ca7e4",1,1,1,1,0
"uuid:525abf43-b771-48c0-8303-b8819f0ca7e4",2,1,1,1,0
"uuid:525abf43-b771-48c0-8303-b8819f0ca7e4",3,1,1,1,0
"uuid:91e6b842-278a-475b-aaaa-e8aef6571001",1,0,1,1,0
"uuid:91e6b842-278a-475b-aaaa-e8aef6571001",2,0,1,1,0
"uuid:872faa0d-31c4-4e82-9efb-abc6f70b0ae7",1,0,1,1,0
"uuid:872faa0d-31c4-4e82-9efb-abc6f70b0ae7",2,0,1,1,1
"uuid:872faa0d-31c4-4e82-9efb-abc6f70b0ae7",3,0,1,1,1
"uuid:5459a649-2153-4b81-9f08-8db3d7bda1df",1,0,1,1,0
"uuid:e53abf85-fae3-45d8-a9e9-a971f8231a4a",1,0,1,1,1
"uuid:e53abf85-fae3-45d8-a9e9-a971f8231a4a",2,0,1,1,0
"uuid:e53abf85-fae3-45d8-a9e9-a971f8231a4a",3,0,1,1,0
"uuid:784d39cb-9913-429d-9ae2-925bfbb21341",1,0,1,1,0
"uuid:784d39cb-9913-429d-9ae2-925bfbb21341",2,0,1,1,0
"uuid:784d39cb-9913-429d-9ae2-925bfbb21341",3,0,1,1,0
"uuid:a7e5875e-0486-4b17-9748-05512980e829",1,0,1,0,0
"uuid:a7e5875e-0486-4b17-9748-05512980e829",2,0,1,0,0
"uuid:b0f75f68-9df2-4b4a-ba94-8bd5a5aa50b3",1,0,1,1,1
"uuid:0469b8ea-4786-490b-951d-7bf3eac9118d",1,1,1,0,0
"uuid:590ea876-f2a9-40ce-a75c-43398a827d8a",1,1,1,0,1
"uuid:590ea876-f2a9-40ce-a75c-43398a827d8a",2,1,1,0,1
"uuid:cdf1f1ae-1b48-4e61-886d-777b04b8e835",1,0,1,1,0
"uuid:cdf1f1ae-1b48-4e61-886d-777b04b8e835",2,0,1,1,1
"uuid:970e5cf1-ff3b-4417-b20c-c866b45adedf",1,0,1,0,1
"uuid:20b96c43-ab48-4bc7-9a5a-1fe104dd9535",1,0,1,1,0
"uuid:576e686d-7e36-4acd-a1cb-6ae42f4f1c7a",1,1,1,1,1
"uuid:576e686d-7e36-4acd-a1cb-6ae42f4f1c7a",2,1,1,1,0
"uuid:576e686d-7e36-4acd-a1cb-6ae42f4f1c7a",3,1,1,1,0
"uuid:331e9be9-4c3b-4548-8ed8-46c2d37b1c67",1,1,1,1,0
"uuid:c41e2b64-2d35-4944-9017-175f1ed3b898",1,1,1,1,0
"uuid:80c27daa-d752-4f55-afad-0b24dc4b920a",1,1,1,1,0
"uuid:80c27daa-d752-4f55-afad-0b24dc4b920a",2,1,1,1,0
"uuid:d7a74122-c810-4080-b3e1-dab93c664950",1,1,1,1,0
"uuid:cb998e92-2fba-4d8e-8c7a-2f2bf5175666",1,1,1,0,0
"uuid:cb998e92-2fba-4d8e-8c7a-2f2bf5175666",2,1,1,0,0
"uuid:d212d6d3-7edc-4c0f-92d5-a8673b5dcf0f",1,1,1,0,1
"uuid:6dbd8dd4-a03e-4fb8-847f-5a0ab9c5f37d",1,0,1,0,0
"uuid:6dbd8dd4-a03e-4fb8-847f-5a0ab9c5f37d",2,0,1,0,0
"uuid:e2633103-ff1f-410d-8658-8612f2b2fb16",1,0,1,1,0
"uuid:e2633103-ff1f-410d-8658-8612f2b2fb16",2,0,1,1,1
"uuid:8ccaac59-a544-4004-8652-c62549b62521",1,0,1,1,0
"uuid:e039135c-28f3-404e-bdc1-ac9f9754f686",1,0,1,0,0
"uuid:22222633-ea25-4eec-b5e9-819ee32b72b9",1,0,1,1,0
"uuid:16efef4b-56e7-4781-b6be-7a59a19f20d2",1,0,1,0,1
"uuid:9e90279f-9658-43f2-9eec-43e08c2244c3",1,1,1,1,0
"uuid:9e90279f-9658-43f2-9eec-43e08c2244c3",2,1,1,1,1
"uuid:fdf88a61-ef8e-4cd5-8ced-a670a53219f6",1,1,1,1,0
"uuid:fdf88a61-ef8e-4cd5-8ced-a670a53219f6",2,1,1,1,0
"uuid:fdf88a61-ef8e-4cd5-8ced-a670a53219f6",3,1,1,1,0
"uuid:cc60fa00-966e-44e7-badc-5242b25295ca",1,0,1,0,1
"uuid:9fa3d12a-f73b-415a-a530-1ea35505346f",1,0,1,1,0
"uuid:9fa3d12a-f73b-415a-a530-1ea35505346f",2,0,1,1,1
"uuid:fc6c02bb-1a39-4531-98be-8711f1668e46",1,1,1,1,0
"uuid:8d1ef46f-74cf-45f7-a8fe-f391e9fdbf48",1,0,1,0,0
"uuid:2f0fc967-357e-4cb6-81a5-23fb9cf92f85",1,0,1,0,1
"uuid:2330ab92-7e0f-4010-a7b0-08a58e6e9621",1,0,1,1,0
"uuid:2330ab92-7e0f-4010-a7b0-08a58e6e9621",2,0,1,1,1
"uuid:2330ab92-7e0f-4010-a7b0-08a58e6e9621",3,0,1,1,1
"uuid:9b9edb22-e9c9-4e5e-b490-64e0bfd011c8",1,1,1,1,0
"uuid:9b9edb22-e9c9-4e5e-b490-64e0bfd011c8",2,1,1,1,1
"uuid:27662bff-eeee-4453-9909-a6f5fd8bb3dd",1,0,1,1,0
"uuid:b8411310-f896-44ce-bd02-b834be52ec37",1,0,1,1,1
"uuid:75ee3bd8-072a-4920-90ad-c96f6b8804c8",1,1,1,0,0
"uuid:789c50f8-04ff-4478-9df0-eb71c9f40340",1,0,1,0,0
"uuid:bcf05e9c-42b4-49df-abad-f0cce62e24ea",1,0,1,1,1
"uuid:bcf05e9c-42b4-49df-abad-f0cce62e24ea",2,0,1,1,1
"uuid:f6f6101f-1b90-43e9-9a23-f791616e6146",1,0,1,1,0
"uuid:b44fa9b5-8033-4a78-91b8-331650e3b4dd",1,0,1,0,1
"uuid:b44fa9b5-8033-4a78-91b8-331650e3b4dd",2,0,1,0,0
"uuid:9ca041b2-3350-49cc-b111-c7c128bf305f",1,0,1,1,0
"uuid:8b39590a-4ec0-4110-acd1-890000f07801",1,1,1,1,0
"uuid:ee17a812-a6f0-41b1-9c37-2c23d725078a",1,0,1,1,0
"uuid:fef38df4-a29d-4575-9272-842dd62a4286",1,0,1,1,0
"uuid:fef38df4-a29d-4575-9272-842dd62a4286",2,0,1,1,0
"uuid:7d6ee149-c697-4a58-8fa5-98c334768f22",1,0,1,1,0
"uuid:7d6ee149-c697-4a58-8fa5-98c334768f22",2,0,1,1,0
"uuid:869e301d-333f-4816-9c2f-17f3c6d9632b",1,0,1,1,0
"uuid:8d5fef03-e2b9-400e-ae15-c4c5dbd7b48d",1,0,1,0,0
